CREATE DATABASE  IF NOT EXISTS `pinn` /*!40100 DEFAULT CHARACTER SET utf8mb4 COLLATE utf8mb4_unicode_ci */ /*!80016 DEFAULT ENCRYPTION='N' */;
USE `pinn`;
-- MySQL dump 10.13  Distrib 8.1.0, for macos13 (arm64)
--
-- Host: 3.34.108.114    Database: pinn
-- ------------------------------------------------------
-- Server version	8.3.0

/*!40101 SET @OLD_CHARACTER_SET_CLIENT=@@CHARACTER_SET_CLIENT */;
/*!40101 SET @OLD_CHARACTER_SET_RESULTS=@@CHARACTER_SET_RESULTS */;
/*!40101 SET @OLD_COLLATION_CONNECTION=@@COLLATION_CONNECTION */;
/*!50503 SET NAMES utf8 */;
/*!40103 SET @OLD_TIME_ZONE=@@TIME_ZONE */;
/*!40103 SET TIME_ZONE='+00:00' */;
/*!40014 SET @OLD_UNIQUE_CHECKS=@@UNIQUE_CHECKS, UNIQUE_CHECKS=0 */;
/*!40014 SET @OLD_FOREIGN_KEY_CHECKS=@@FOREIGN_KEY_CHECKS, FOREIGN_KEY_CHECKS=0 */;
/*!40101 SET @OLD_SQL_MODE=@@SQL_MODE, SQL_MODE='NO_AUTO_VALUE_ON_ZERO' */;
/*!40111 SET @OLD_SQL_NOTES=@@SQL_NOTES, SQL_NOTES=0 */;

--
-- Table structure for table `color`
--

DROP TABLE IF EXISTS `color`;
/*!40101 SET @saved_cs_client     = @@character_set_client */;
/*!50503 SET character_set_client = utf8mb4 */;
CREATE TABLE `color` (
  `color_id` int NOT NULL,
  `color_code` varchar(255) COLLATE utf8mb4_unicode_ci DEFAULT NULL,
  `created_date` datetime(6) DEFAULT NULL,
  `updated_date` datetime(6) DEFAULT NULL,
  PRIMARY KEY (`color_id`)
) ENGINE=InnoDB DEFAULT CHARSET=utf8mb4 COLLATE=utf8mb4_unicode_ci;
/*!40101 SET character_set_client = @saved_cs_client */;

--
-- Dumping data for table `color`
--

LOCK TABLES `color` WRITE;
/*!40000 ALTER TABLE `color` DISABLE KEYS */;
/*!40000 ALTER TABLE `color` ENABLE KEYS */;
UNLOCK TABLES;

--
-- Table structure for table `game`
--

DROP TABLE IF EXISTS `game`;
/*!40101 SET @saved_cs_client     = @@character_set_client */;
/*!50503 SET character_set_client = utf8mb4 */;
CREATE TABLE `game` (
  `game_id` int NOT NULL AUTO_INCREMENT,
  `theme_id` int NOT NULL,
  `leader_id` int NOT NULL,
  `room_name` varchar(20) COLLATE utf8mb4_unicode_ci DEFAULT NULL,
  `round_count` int NOT NULL,
  `room_create_time` timestamp NULL DEFAULT NULL,
  `started_time` timestamp NULL DEFAULT NULL COMMENT '게임 시작 시간',
  `finished_time` timestamp NULL DEFAULT NULL COMMENT '=게임 종료 시간',
  `has_password` int NOT NULL,
  `stage1time` int NOT NULL,
  `stage2time` int NOT NULL,
  PRIMARY KEY (`game_id`)
) ENGINE=InnoDB AUTO_INCREMENT=1141 DEFAULT CHARSET=utf8mb4 COLLATE=utf8mb4_unicode_ci;
/*!40101 SET character_set_client = @saved_cs_client */;

--
-- Dumping data for table `game`
--

LOCK TABLES `game` WRITE;
/*!40000 ALTER TABLE `game` DISABLE KEYS */;
INSERT INTO `game` VALUES (1,1,1,'test',3,'2024-04-30 15:00:00','2024-04-30 15:00:00','2024-05-01 15:00:00',0,30,15),(2,1,1,'test2',3,'2024-04-30 15:00:00','2024-04-30 15:00:00','2024-05-01 15:00:00',0,30,15),(3,1,2,'test3',3,'2024-04-30 15:00:00','2024-04-30 15:00:00','2024-05-01 15:00:00',0,30,15),(63,2,12341123,'어서오고',3,'2024-05-06 05:53:41',NULL,'2024-05-06 05:53:41',0,30,15),(64,2,12341123,'어서오고',3,'2024-05-06 07:30:05',NULL,'2024-05-06 07:30:05',1,30,15),(65,2,12341123,'어서오고',3,'2024-05-06 07:45:38',NULL,'2024-05-06 07:45:38',1,30,15),(66,2,12341123,'어서오고',3,'2024-05-06 07:47:59',NULL,'2024-05-06 07:47:59',1,30,15),(67,2,12341123,'어서오고',3,'2024-05-06 07:49:49',NULL,'2024-05-06 07:49:49',1,30,15),(68,2,12341123,'어서오고',3,'2024-05-06 07:55:10',NULL,'2024-05-06 07:55:10',1,30,15),(69,2,12341123,'어서오고',3,'2024-05-06 08:02:35',NULL,'2024-05-06 08:02:35',1,30,15),(70,2,12341123,'어서오고',3,'2024-05-06 08:21:27',NULL,'2024-05-06 08:21:27',1,30,15),(71,2,12341123,'어서오고',3,'2024-05-06 08:25:38',NULL,'2024-05-06 08:25:38',1,30,15),(72,2,12341123,'어서오고',3,'2024-05-06 08:27:33',NULL,'2024-05-06 08:27:33',1,30,15),(73,2,12341123,'어서오고',3,'2024-05-06 08:30:19',NULL,'2024-05-06 08:30:19',1,30,15),(74,2,12341123,'어서오고',3,'2024-05-06 08:32:42',NULL,'2024-05-06 08:32:42',1,30,15),(75,2,12341123,'어서오고',3,'2024-05-06 08:37:16',NULL,'2024-05-06 08:37:16',1,30,15),(76,2,12341123,'어서오고',3,'2024-05-06 08:39:29',NULL,'2024-05-06 08:39:29',1,30,15),(77,2,12341123,'어서오고',3,'2024-05-06 08:41:48',NULL,'2024-05-06 08:41:48',1,30,15),(78,2,12341123,'어서오고',3,'2024-05-06 08:45:16',NULL,'2024-05-06 08:45:16',1,30,15),(79,2,12341123,'어서오고',3,'2024-05-06 08:48:23',NULL,'2024-05-06 08:48:23',1,30,15),(80,2,12341123,'어서오고',3,'2024-05-06 09:06:32',NULL,'2024-05-06 09:06:32',0,30,15),(81,2,12341123,'어서오고',3,'2024-05-06 09:09:08',NULL,'2024-05-06 09:09:08',1,30,15),(82,2,12341123,'어서오고',3,'2024-05-06 09:35:04',NULL,'2024-05-06 09:35:04',0,30,15),(83,2,12341123,'어서오고',3,'2024-05-06 09:49:30',NULL,'2024-05-06 09:49:30',1,30,15),(84,2,12341123,'어서오고',3,'2024-05-06 09:54:33',NULL,'2024-05-06 09:54:33',1,30,15),(85,2,12341123,'어서오고',3,'2024-05-06 10:23:02',NULL,'2024-05-06 10:23:02',1,30,15),(86,2,12341123,'어서오고',3,'2024-05-06 10:24:34',NULL,'2024-05-06 10:24:34',1,30,15),(87,2,12341123,'어서오고',3,'2024-05-06 10:26:33',NULL,'2024-05-06 10:26:33',1,30,15),(88,2,12341123,'어서오고',3,'2024-05-06 10:31:26',NULL,'2024-05-06 10:31:26',1,30,15),(89,2,12341123,'어서오고',3,'2024-05-06 10:35:22',NULL,'2024-05-06 10:35:22',1,30,15),(90,2,12341123,'어서오고',3,'2024-05-06 10:40:54',NULL,'2024-05-06 10:40:54',1,30,15),(91,2,12341123,'어서오고',3,'2024-05-06 10:54:59',NULL,'2024-05-06 10:54:59',1,30,15),(92,2,12341123,'어서오고',3,'2024-05-06 11:09:42',NULL,'2024-05-06 11:09:42',1,30,15),(93,2,12341123,'어서오고',3,'2024-05-06 11:12:40',NULL,'2024-05-06 11:12:40',1,30,15),(94,2,12341123,'어서오고',3,'2024-05-06 14:10:38',NULL,'2024-05-06 14:10:38',1,30,15),(95,2,12341123,'어서오고',3,'2024-05-06 14:13:03',NULL,'2024-05-06 14:13:03',1,30,15),(96,2,12341123,'어서오고',3,'2024-05-06 14:15:25',NULL,'2024-05-06 14:15:25',1,30,15),(97,2,12341123,'어서오고',3,'2024-05-06 14:18:08',NULL,'2024-05-06 14:18:08',1,30,15),(98,2,12341123,'어서오고',3,'2024-05-06 15:11:32',NULL,'2024-05-06 15:11:32',0,30,15),(99,2,12341123,'어서오고',3,'2024-05-06 15:17:13',NULL,'2024-05-06 15:17:13',0,30,15),(100,2,12341123,'어서오고',3,'2024-05-06 15:58:06',NULL,'2024-05-06 15:58:06',0,30,15),(101,2,12341123,'어서오고',3,'2024-05-06 16:37:47',NULL,'2024-05-06 16:37:47',1,30,15),(102,2,12341123,'어서오고',3,'2024-05-06 16:40:00',NULL,'2024-05-06 16:40:00',1,30,15),(103,2,12341123,'어서오고',3,'2024-05-06 16:49:44',NULL,'2024-05-06 16:49:44',1,30,15),(104,2,12341123,'어서오고',3,'2024-05-06 16:51:59',NULL,'2024-05-06 16:51:59',1,30,15),(105,2,12341123,'어서오고',3,'2024-05-06 16:55:39',NULL,'2024-05-06 16:55:39',1,30,15),(106,1,12341123,'어서오고',3,'2024-05-06 16:56:06',NULL,'2024-05-06 16:56:06',1,30,15),(107,2,12341123,'어서오고',3,'2024-05-06 16:58:33',NULL,'2024-05-06 16:58:33',1,30,15),(108,1,12341123,'어서오고',3,'2024-05-06 16:58:35',NULL,'2024-05-06 16:58:35',1,30,15),(109,1,12341123,'어서오고',3,'2024-05-06 17:00:27',NULL,'2024-05-06 17:00:27',1,30,15),(110,2,12341123,'어서오고',3,'2024-05-06 17:01:10',NULL,'2024-05-06 17:01:10',1,30,15),(111,1,12341123,'어서오고',3,'2024-05-06 17:01:58',NULL,'2024-05-06 17:01:58',1,30,15),(112,2,12341123,'어서오고',3,'2024-05-06 17:03:45',NULL,'2024-05-06 17:03:45',1,30,15),(113,2,12341123,'어서오고',3,'2024-05-06 17:08:17',NULL,'2024-05-06 17:08:17',1,30,15),(114,1,12341123,'어서오고',3,'2024-05-06 17:14:30',NULL,'2024-05-06 17:14:30',1,30,15),(115,1,12341123,'어서오고',3,'2024-05-06 17:20:21',NULL,'2024-05-06 17:20:21',1,30,15),(116,1,12341123,'어서오고',3,'2024-05-06 17:23:56',NULL,'2024-05-06 17:23:56',1,30,15),(117,1,12341123,'어서오고',3,'2024-05-06 19:15:31',NULL,'2024-05-06 19:15:31',1,30,15),(118,1,12341123,'어서오고',3,'2024-05-06 19:18:02',NULL,'2024-05-06 19:18:02',1,30,15),(119,1,12341123,'어서오고',3,'2024-05-06 19:24:26',NULL,'2024-05-06 19:24:26',1,30,15),(120,1,12341123,'어서오고',3,'2024-05-06 19:28:43',NULL,'2024-05-06 19:28:43',1,30,15),(121,1,12341123,'어서오고',3,'2024-05-06 19:38:49',NULL,'2024-05-06 19:38:49',1,30,15),(122,1,12341123,'123',0,'2024-05-07 00:24:41',NULL,'2024-05-07 00:24:41',1,30,30),(123,1,12341123,'123',0,'2024-05-07 00:54:25',NULL,'2024-05-07 00:54:25',1,30,30),(124,1,12341123,'123',0,'2024-05-07 00:56:41',NULL,'2024-05-07 00:56:41',1,30,30),(125,1,12341123,'123',0,'2024-05-07 00:59:32',NULL,'2024-05-07 00:59:32',1,30,30),(126,1,12341123,'123',0,'2024-05-07 00:59:49',NULL,'2024-05-07 00:59:49',1,30,30),(127,1,12341123,'어서오고',3,'2024-05-07 03:29:45',NULL,'2024-05-07 03:29:45',1,30,15),(128,1,3,'123',3,'2024-05-07 04:58:12',NULL,'2024-05-07 04:58:12',0,30,20),(129,1,3,'123456',3,'2024-05-07 04:58:22',NULL,'2024-05-07 04:58:22',0,30,20),(130,1,3,'히히',3,'2024-05-07 05:21:11',NULL,'2024-05-07 05:21:11',0,30,20),(131,3,3,'척추게임',3,'2024-05-07 05:22:00',NULL,'2024-05-07 05:22:00',0,30,20),(132,4,3,'하이!',2,'2024-05-07 05:22:14',NULL,'2024-05-07 05:22:14',0,40,40),(133,2,3,'비밀방~',2,'2024-05-07 05:22:41',NULL,'2024-05-07 05:22:41',1,60,30),(134,2,12341123,'어서오고',3,'2024-05-07 05:30:08',NULL,'2024-05-07 05:30:08',0,30,15),(135,1,12341123,'어서오고',3,'2024-05-07 05:41:32',NULL,'2024-05-07 05:41:32',1,30,15),(136,1,12341123,'123',0,'2024-05-07 05:43:52',NULL,'2024-05-07 05:43:52',1,30,30),(137,1,12341123,'어서오고',3,'2024-05-07 05:47:00',NULL,'2024-05-07 05:47:00',1,30,15),(138,1,12341123,'어서오고',3,'2024-05-07 05:48:54',NULL,'2024-05-07 05:48:54',1,30,15),(139,1,12341123,'어서오고',3,'2024-05-07 05:55:06',NULL,'2024-05-07 05:55:06',1,30,15),(140,2,12341123,'어서오고',3,'2024-05-07 06:59:41',NULL,'2024-05-07 06:59:41',0,30,15),(141,2,12341123,'어서오고',3,'2024-05-07 06:59:46',NULL,'2024-05-07 06:59:46',0,30,15),(142,1,12341123,'123',0,'2024-05-07 07:48:52',NULL,'2024-05-07 07:48:52',1,30,30),(143,1,2,'123',0,'2024-05-07 08:07:40',NULL,'2024-05-07 08:07:40',1,30,30),(144,1,2,'123',0,'2024-05-07 08:08:15',NULL,'2024-05-07 08:08:15',1,30,30),(145,1,2,'123',0,'2024-05-07 08:08:23',NULL,'2024-05-07 08:08:23',1,30,30),(146,1,2,'123',0,'2024-05-07 08:08:49',NULL,'2024-05-07 08:08:49',1,30,30),(147,1,2,'123',0,'2024-05-07 08:09:30',NULL,'2024-05-07 08:09:30',1,30,30),(148,1,2,'123',0,'2024-05-07 08:10:39',NULL,'2024-05-07 08:10:39',1,30,30),(149,1,2,'123',0,'2024-05-07 08:10:59',NULL,'2024-05-07 08:10:59',1,30,30),(150,1,2,'123',0,'2024-05-07 08:20:42',NULL,'2024-05-07 08:20:42',1,30,30),(151,1,2,'123',0,'2024-05-07 08:21:08',NULL,'2024-05-07 08:21:08',1,30,30),(152,1,2,'123',0,'2024-05-07 08:22:09',NULL,'2024-05-07 08:22:09',1,30,30),(153,1,2,'123',0,'2024-05-07 08:23:29',NULL,'2024-05-07 08:23:29',1,30,30),(154,2,12341123,'어서오고',3,'2024-05-07 08:24:27',NULL,'2024-05-07 08:24:27',0,30,15),(155,1,2,'123',0,'2024-05-07 08:25:53',NULL,'2024-05-07 08:25:53',1,30,30),(156,1,2,'123',0,'2024-05-07 08:28:43',NULL,'2024-05-07 08:28:43',1,30,30),(157,1,2,'123',0,'2024-05-07 08:29:44',NULL,'2024-05-07 08:29:44',1,30,30),(158,1,2,'123',0,'2024-05-07 08:31:20',NULL,'2024-05-07 08:31:20',1,30,30),(159,1,2,'123',0,'2024-05-07 08:32:53',NULL,'2024-05-07 08:32:53',1,30,30),(160,1,2,'123',0,'2024-05-07 08:40:37',NULL,'2024-05-07 08:40:37',1,30,30),(161,1,2,'123',0,'2024-05-07 08:41:47',NULL,'2024-05-07 08:41:47',1,30,30),(162,1,2,'123',0,'2024-05-07 08:42:51',NULL,'2024-05-07 08:42:51',1,30,30),(163,1,2,'123',0,'2024-05-07 08:44:26',NULL,'2024-05-07 08:44:26',1,30,30),(164,1,2,'123',0,'2024-05-07 08:44:53',NULL,'2024-05-07 08:44:53',1,30,30),(165,1,2,'123',0,'2024-05-07 08:46:34',NULL,'2024-05-07 08:46:34',1,30,30),(166,1,2,'123',0,'2024-05-07 08:47:43',NULL,'2024-05-07 08:47:43',1,30,30),(167,1,2,'123',0,'2024-05-07 08:49:42',NULL,'2024-05-07 08:49:42',1,30,30),(168,1,2,'123',0,'2024-05-07 08:49:48',NULL,'2024-05-07 08:49:48',1,30,30),(169,1,2,'123',0,'2024-05-07 08:50:05',NULL,'2024-05-07 08:50:05',1,30,30),(170,1,2,'123',0,'2024-05-07 08:51:26',NULL,'2024-05-07 08:51:26',1,30,30),(171,1,2,'123',1,'2024-05-07 09:01:26',NULL,'2024-05-07 09:01:26',1,30,30),(172,1,2,'123',1,'2024-05-07 09:01:50',NULL,'2024-05-07 09:01:50',1,30,30),(173,1,2,'123',1,'2024-05-07 09:02:26',NULL,'2024-05-07 09:02:26',1,30,30),(174,1,2,'123',1,'2024-05-07 09:02:49',NULL,'2024-05-07 09:02:49',1,30,30),(175,1,2,'123',1,'2024-05-07 09:03:16',NULL,'2024-05-07 09:03:16',1,30,30),(176,1,2,'123',1,'2024-05-07 09:03:43',NULL,'2024-05-07 09:03:43',1,30,30),(177,1,2,'123',1,'2024-05-07 09:04:06',NULL,'2024-05-07 09:04:06',1,30,30),(178,1,2,'123',1,'2024-05-07 09:04:53',NULL,'2024-05-07 09:04:53',1,30,30),(179,1,2,'123',1,'2024-05-07 09:05:04',NULL,'2024-05-07 09:05:04',1,30,30),(180,1,4,'123',0,'2024-05-07 09:05:27',NULL,'2024-05-07 09:05:27',1,30,30),(181,1,4,'123',0,'2024-05-07 09:05:39',NULL,'2024-05-07 09:05:39',1,30,30),(182,1,4,'123',0,'2024-05-07 09:07:56',NULL,'2024-05-07 09:07:56',1,30,30),(183,1,2,'123',1,'2024-05-07 09:08:24',NULL,'2024-05-07 09:08:24',1,30,30),(184,1,4,'123',0,'2024-05-07 09:08:35',NULL,'2024-05-07 09:08:35',1,30,30),(185,1,4,'123',0,'2024-05-07 09:08:48',NULL,'2024-05-07 09:08:48',1,30,30),(186,1,2,'123',1,'2024-05-07 09:08:52',NULL,'2024-05-07 09:08:52',1,30,30),(187,1,2,'123',1,'2024-05-07 09:09:16',NULL,'2024-05-07 09:09:16',1,30,30),(188,1,4,'123',0,'2024-05-07 09:09:52',NULL,'2024-05-07 09:09:52',1,30,30),(189,1,2,'123',1,'2024-05-07 09:11:16',NULL,'2024-05-07 09:11:16',1,30,30),(190,1,4,'123',3,'2024-05-07 09:11:36',NULL,'2024-05-07 09:11:36',1,30,30),(191,1,2,'123',1,'2024-05-07 09:12:35',NULL,'2024-05-07 09:12:35',1,30,30),(192,1,12341123,'어서오고',3,'2024-05-07 09:14:15',NULL,'2024-05-07 09:14:15',1,30,15),(193,1,2,'123',1,'2024-05-07 09:14:30',NULL,'2024-05-07 09:14:30',1,30,30),(194,1,12341123,'어서오고',3,'2024-05-07 09:15:00',NULL,'2024-05-07 09:15:00',1,30,15),(195,1,2,'123',1,'2024-05-07 09:17:21',NULL,'2024-05-07 09:17:21',1,30,30),(196,1,2,'123',1,'2024-05-07 09:17:43',NULL,'2024-05-07 09:17:43',1,30,30),(197,1,4,'123',3,'2024-05-07 11:06:56',NULL,'2024-05-07 11:06:56',1,30,30),(198,1,4,'어서오고',3,'2024-05-07 11:12:07',NULL,'2024-05-07 11:12:07',1,30,15),(199,1,4,'어서오고',3,'2024-05-07 11:25:13',NULL,'2024-05-07 11:25:13',1,30,15),(200,1,4,'어서오고',3,'2024-05-07 11:25:53',NULL,'2024-05-07 11:25:53',1,30,15),(201,1,4,'어서오고',3,'2024-05-07 11:40:14',NULL,'2024-05-07 11:40:14',1,30,15),(202,1,4,'어서오고',3,'2024-05-07 11:43:16',NULL,'2024-05-07 11:43:16',1,30,15),(203,1,12341123,'어서오고',3,'2024-05-07 11:48:57',NULL,'2024-05-07 11:48:57',1,30,15),(204,1,4,'123',0,'2024-05-07 12:04:01',NULL,'2024-05-07 12:04:01',1,30,30),(205,1,4,'123',3,'2024-05-07 12:20:24',NULL,'2024-05-07 12:20:24',1,30,30),(206,1,4,'123',3,'2024-05-07 12:21:17',NULL,'2024-05-07 12:21:17',1,30,30),(207,1,4,'어서오고',3,'2024-05-07 12:47:32',NULL,'2024-05-07 12:47:32',1,30,15),(208,1,2,'123',0,'2024-05-07 23:29:59',NULL,'2024-05-07 23:29:59',1,30,30),(209,1,2,'123',0,'2024-05-07 23:30:06',NULL,'2024-05-07 23:30:06',1,30,30),(210,1,2,'123',0,'2024-05-07 23:30:57',NULL,'2024-05-07 23:30:57',1,30,30),(211,1,2,'123',0,'2024-05-07 23:31:08',NULL,'2024-05-07 23:31:08',1,30,30),(212,1,2,'123',0,'2024-05-07 23:32:27',NULL,'2024-05-07 23:32:27',1,30,30),(213,1,2,'123',0,'2024-05-07 23:33:31',NULL,'2024-05-07 23:33:31',1,30,30),(214,1,2,'123',0,'2024-05-07 23:44:09',NULL,'2024-05-07 23:44:09',1,30,30),(215,1,2,'123',0,'2024-05-08 00:24:01',NULL,'2024-05-08 00:24:01',1,30,30),(216,1,2,'123',0,'2024-05-08 00:24:37',NULL,'2024-05-08 00:24:37',1,30,30),(217,1,2,'123',1,'2024-05-08 00:27:46',NULL,'2024-05-08 00:27:46',1,30,30),(218,1,2,'123',1,'2024-05-08 00:29:27',NULL,'2024-05-08 00:29:27',1,30,30),(219,1,2,'123',1,'2024-05-08 00:29:33',NULL,'2024-05-08 00:29:33',1,30,30),(220,1,2,'123',1,'2024-05-08 00:40:06',NULL,'2024-05-08 00:40:06',1,5,5),(221,1,2,'123',1,'2024-05-08 00:41:50',NULL,'2024-05-08 00:41:50',1,5,5),(222,1,2,'123',1,'2024-05-08 00:43:10',NULL,'2024-05-08 00:43:10',1,5,5),(223,1,3,'1324256',3,'2024-05-08 00:45:15',NULL,'2024-05-08 00:45:15',0,30,20),(224,1,2,'123',1,'2024-05-08 00:45:50',NULL,'2024-05-08 00:45:50',1,5,5),(225,1,2,'123',1,'2024-05-08 00:48:56',NULL,'2024-05-08 00:48:56',1,5,5),(226,1,2,'123',1,'2024-05-08 00:50:21',NULL,'2024-05-08 00:50:21',1,5,5),(227,1,2,'123',1,'2024-05-08 00:52:38',NULL,'2024-05-08 00:52:38',1,5,5),(228,1,2,'123',1,'2024-05-08 00:54:08',NULL,'2024-05-08 00:54:08',1,5,5),(229,1,2,'123',1,'2024-05-08 00:54:31',NULL,'2024-05-08 00:54:31',1,5,5),(230,1,2,'123',1,'2024-05-08 00:55:47',NULL,'2024-05-08 00:55:47',1,5,5),(231,1,2,'123',1,'2024-05-08 00:56:43',NULL,'2024-05-08 00:56:43',1,5,5),(232,1,2,'123',1,'2024-05-08 00:57:30',NULL,'2024-05-08 00:57:30',1,5,5),(233,1,2,'123',1,'2024-05-08 00:58:17',NULL,'2024-05-08 00:58:17',1,5,5),(234,1,2,'123',1,'2024-05-08 00:59:47',NULL,'2024-05-08 00:59:47',1,5,5),(235,1,2,'123',1,'2024-05-08 01:00:42',NULL,'2024-05-08 01:00:42',1,5,5),(236,1,2,'123',1,'2024-05-08 01:02:01',NULL,'2024-05-08 01:02:01',1,5,5),(237,1,2,'123',1,'2024-05-08 01:03:07',NULL,'2024-05-08 01:03:07',1,5,5),(238,1,2,'123',1,'2024-05-08 01:05:31',NULL,'2024-05-08 01:05:31',1,5,5),(239,1,2,'123',1,'2024-05-08 01:06:02',NULL,'2024-05-08 01:06:02',1,5,5),(240,1,2,'123',1,'2024-05-08 01:06:16',NULL,'2024-05-08 01:06:16',1,5,5),(241,1,2,'123',1,'2024-05-08 01:06:59',NULL,'2024-05-08 01:06:59',1,5,5),(242,1,2,'123',1,'2024-05-08 01:07:16',NULL,'2024-05-08 01:07:16',1,5,5),(243,1,2,'123',1,'2024-05-08 01:07:58',NULL,'2024-05-08 01:07:58',1,5,5),(244,1,2,'123',1,'2024-05-08 01:10:07',NULL,'2024-05-08 01:10:07',1,5,5),(245,1,2,'123',1,'2024-05-08 01:10:49',NULL,'2024-05-08 01:10:49',1,5,5),(246,1,2,'123',1,'2024-05-08 01:11:54',NULL,'2024-05-08 01:11:54',1,5,5),(247,4,3,'gdgd',2,'2024-05-08 01:13:49',NULL,'2024-05-08 01:13:49',0,30,50),(248,4,3,'gdgd',2,'2024-05-08 01:13:51',NULL,'2024-05-08 01:13:51',0,30,50),(249,1,3,'비ㅏ밀방',3,'2024-05-08 01:14:38',NULL,'2024-05-08 01:14:38',1,30,20),(250,2,3,'비밀방',2,'2024-05-08 01:21:57',NULL,'2024-05-08 01:21:57',1,50,50),(251,1,2,'123',1,'2024-05-08 01:22:51',NULL,'2024-05-08 01:22:51',1,5,5),(252,1,3,'123',3,'2024-05-08 01:23:29',NULL,'2024-05-08 01:23:29',0,30,20),(253,1,2,'123',1,'2024-05-08 01:24:16',NULL,'2024-05-08 01:24:16',1,5,5),(254,1,3,'123123',3,'2024-05-08 01:53:58',NULL,'2024-05-08 01:53:58',0,30,20),(255,1,4,'어서오고',3,'2024-05-08 03:18:37',NULL,'2024-05-08 03:18:37',1,30,15),(256,2,12341123,'어서오고',3,'2024-05-08 03:19:55',NULL,'2024-05-08 03:19:55',0,30,15),(257,2,12341123,'어서오고',3,'2024-05-08 03:21:39',NULL,'2024-05-08 03:21:39',0,30,15),(258,1,4,'어서오고',3,'2024-05-08 03:25:19',NULL,'2024-05-08 03:25:19',1,30,15),(259,2,12341123,'어서오고',3,'2024-05-08 03:29:08',NULL,'2024-05-08 03:29:08',0,30,15),(260,1,2,'123',0,'2024-05-08 03:30:10',NULL,'2024-05-08 03:30:10',1,30,30),(261,1,4,'어서오고',3,'2024-05-08 03:30:51',NULL,'2024-05-08 03:30:51',1,30,15),(262,1,2,'123',0,'2024-05-08 03:32:12',NULL,'2024-05-08 03:32:12',1,30,30),(263,1,2,'123',0,'2024-05-08 03:32:13',NULL,'2024-05-08 03:32:13',1,30,30),(264,1,2,'123',0,'2024-05-08 03:34:35',NULL,'2024-05-08 03:34:35',1,30,30),(265,1,2,'123',0,'2024-05-08 03:34:41',NULL,'2024-05-08 03:34:41',1,30,30),(266,1,4,'123',0,'2024-05-08 03:40:10',NULL,'2024-05-08 03:40:10',1,30,30),(267,1,4,'123',0,'2024-05-08 03:41:46',NULL,'2024-05-08 03:41:46',1,30,30),(268,1,4,'123',0,'2024-05-08 03:43:53',NULL,'2024-05-08 03:43:53',1,30,30),(269,1,5,'123',0,'2024-05-08 03:45:35',NULL,'2024-05-08 03:45:35',1,30,30),(270,1,5,'123',0,'2024-05-08 03:48:43',NULL,'2024-05-08 03:48:43',1,30,30),(271,1,2,'123',0,'2024-05-08 03:50:03',NULL,'2024-05-08 03:50:03',1,30,30),(272,1,2,'123',0,'2024-05-08 03:51:34',NULL,'2024-05-08 03:51:34',1,30,30),(273,1,2,'123',0,'2024-05-08 03:52:33',NULL,'2024-05-08 03:52:33',1,30,30),(274,1,2,'123',0,'2024-05-08 03:53:38',NULL,'2024-05-08 03:53:38',1,30,30),(275,1,5,'123',0,'2024-05-08 03:54:41',NULL,'2024-05-08 03:54:41',1,30,30),(276,1,2,'123',0,'2024-05-08 03:55:13',NULL,'2024-05-08 03:55:13',1,30,30),(277,1,5,'123',0,'2024-05-08 03:57:52',NULL,'2024-05-08 03:57:52',1,30,30),(278,1,3,'123',0,'2024-05-08 04:27:02',NULL,'2024-05-08 04:27:02',1,30,30),(279,1,3,'123',0,'2024-05-08 04:32:06',NULL,'2024-05-08 04:32:06',1,30,30),(280,1,3,'123',0,'2024-05-08 04:35:39',NULL,'2024-05-08 04:35:39',1,30,30),(281,1,2,'123',0,'2024-05-08 04:35:58',NULL,'2024-05-08 04:35:58',1,30,30),(282,1,2,'123',0,'2024-05-08 04:37:19',NULL,'2024-05-08 04:37:19',1,30,30),(283,1,5,'123',0,'2024-05-08 04:38:24',NULL,'2024-05-08 04:38:24',1,30,30),(284,1,2,'123',0,'2024-05-08 04:39:28',NULL,'2024-05-08 04:39:28',1,30,30),(285,1,2,'123',0,'2024-05-08 04:40:47',NULL,'2024-05-08 04:40:47',1,30,30),(286,1,2,'123',0,'2024-05-08 04:43:17',NULL,'2024-05-08 04:43:17',1,30,30),(287,1,2,'123',0,'2024-05-08 04:45:48',NULL,'2024-05-08 04:45:48',1,30,30),(288,1,2,'123',0,'2024-05-08 04:51:17',NULL,'2024-05-08 04:51:17',1,30,30),(289,1,5,'123',0,'2024-05-08 04:53:02',NULL,'2024-05-08 04:53:02',1,30,30),(290,1,2,'123',0,'2024-05-08 04:54:17',NULL,'2024-05-08 04:54:17',1,30,30),(291,1,2,'123',0,'2024-05-08 04:57:33',NULL,'2024-05-08 04:57:33',1,30,30),(292,1,2,'123',0,'2024-05-08 05:01:58',NULL,'2024-05-08 05:01:58',1,30,30),(293,1,2,'123',0,'2024-05-08 05:02:30',NULL,'2024-05-08 05:02:30',1,30,30),(294,1,2,'123',1,'2024-05-08 05:03:58',NULL,'2024-05-08 05:03:58',1,30,30),(295,1,5,'123',0,'2024-05-08 05:18:56',NULL,'2024-05-08 05:18:56',1,30,30),(296,3,4,'어서오고',3,'2024-05-08 05:33:15',NULL,'2024-05-08 05:33:15',1,30,15),(297,5,3,'g하이',3,'2024-05-08 05:41:00',NULL,'2024-05-08 05:41:00',0,30,20),(298,5,3,'g하이',3,'2024-05-08 05:41:39',NULL,'2024-05-08 05:41:39',0,30,20),(299,5,4,'지도게임 한 판!',1,'2024-05-08 05:42:34',NULL,'2024-05-08 05:42:34',0,30,20),(300,1,4,'',3,'2024-05-08 05:48:14',NULL,'2024-05-08 05:48:14',0,30,20),(301,1,4,'하울의 무빙이 오지는 성이랑 놀자!',3,'2024-05-08 05:50:09',NULL,'2024-05-08 05:50:09',0,30,20),(302,3,4,'손 안 씻은 사과 1234랑 놀자!',3,'2024-05-08 05:50:40',NULL,'2024-05-08 05:50:40',0,30,20),(303,5,3,'ㅇㄹㅇ',3,'2024-05-08 06:00:07',NULL,'2024-05-08 06:00:07',0,30,20),(304,1,3,'ㅇㄹㅇㄴ',3,'2024-05-08 06:02:05',NULL,'2024-05-08 06:02:05',0,30,20),(305,1,3,'',3,'2024-05-08 06:05:59',NULL,'2024-05-08 06:05:59',0,30,20),(306,1,3,'나는야세상에서가장긴게임이름을만들겠어요',3,'2024-05-08 06:07:24',NULL,'2024-05-08 06:07:24',0,30,20),(307,5,3,'나는야세상에서가장긴게임이름을만들겠어요',3,'2024-05-08 06:07:51',NULL,'2024-05-08 06:07:51',1,30,20),(308,3,3,'비밀방',3,'2024-05-08 06:21:05',NULL,'2024-05-08 06:21:05',1,30,20),(309,1,5,'123',0,'2024-05-08 06:26:29',NULL,'2024-05-08 06:26:29',1,30,30),(310,1,5,'123',0,'2024-05-08 06:43:19',NULL,'2024-05-08 06:43:19',1,30,30),(311,1,2,'123',1,'2024-05-08 07:01:10',NULL,'2024-05-08 07:01:10',1,30,30),(312,1,2,'123',1,'2024-05-08 07:13:30',NULL,'2024-05-08 07:13:30',1,30,30),(313,1,2,'123',1,'2024-05-08 07:26:10',NULL,'2024-05-08 07:26:10',1,30,30),(314,2,12341123,'어서오고',3,'2024-05-08 07:37:53',NULL,'2024-05-08 07:37:53',0,30,15),(315,2,12341123,'어서오고',3,'2024-05-08 07:40:30',NULL,'2024-05-08 07:40:30',0,30,15),(316,1,3,'',3,'2024-05-08 07:41:30',NULL,'2024-05-08 07:41:30',0,30,20),(317,1,3,'',3,'2024-05-08 07:42:03',NULL,'2024-05-08 07:42:03',0,30,20),(318,1,3,'',3,'2024-05-08 07:42:06',NULL,'2024-05-08 07:42:06',0,30,20),(319,1,3,'123',3,'2024-05-08 07:44:23',NULL,'2024-05-08 07:44:23',0,30,20),(320,2,12341123,'어서오고',3,'2024-05-08 07:52:48',NULL,'2024-05-08 07:52:48',0,30,15),(321,2,12341123,'어서오고',3,'2024-05-08 07:52:51',NULL,'2024-05-08 07:52:51',0,30,15),(322,1,2,'123',0,'2024-05-08 08:09:38',NULL,'2024-05-08 08:09:38',1,30,30),(323,1,2,'123',0,'2024-05-08 08:11:27',NULL,'2024-05-08 08:11:27',1,30,30),(324,1,3,'',3,'2024-05-08 08:15:18',NULL,'2024-05-08 08:15:18',0,30,20),(325,1,3,'123',3,'2024-05-08 08:15:22',NULL,'2024-05-08 08:15:22',0,30,20),(326,2,3,'',3,'2024-05-08 08:17:28',NULL,'2024-05-08 08:17:28',0,30,20),(327,1,3,'1234',3,'2024-05-08 08:26:00',NULL,'2024-05-08 08:26:00',0,30,20),(328,1,3,'123',3,'2024-05-08 08:32:13',NULL,'2024-05-08 08:32:13',0,30,20),(329,3,3,'4123456',3,'2024-05-08 08:32:22',NULL,'2024-05-08 08:32:22',0,30,20),(330,1,2,'123',0,'2024-05-08 08:33:41',NULL,'2024-05-08 08:33:41',1,30,30),(331,1,2,'123',0,'2024-05-08 08:36:16',NULL,'2024-05-08 08:36:16',1,30,30),(332,1,2,'123',0,'2024-05-08 08:38:38',NULL,'2024-05-08 08:38:38',1,30,30),(333,1,2,'123',0,'2024-05-08 08:40:35',NULL,'2024-05-08 08:40:35',1,30,30),(334,1,2,'123',0,'2024-05-08 08:42:48',NULL,'2024-05-08 08:42:48',1,30,30),(335,2,12341123,'어서오고',3,'2024-05-08 08:53:05',NULL,'2024-05-08 08:53:05',0,30,15),(336,1,2,'123',0,'2024-05-09 00:16:58',NULL,'2024-05-09 00:16:58',1,30,30),(337,1,2,'123',1,'2024-05-09 00:23:20',NULL,'2024-05-09 00:23:20',1,30,30),(338,1,4,'123',1,'2024-05-09 01:20:07',NULL,'2024-05-09 01:20:07',1,30,30),(339,1,4,'123',1,'2024-05-09 01:21:42',NULL,'2024-05-09 01:21:42',1,30,30),(340,1,4,'123',1,'2024-05-09 01:23:19',NULL,'2024-05-09 01:23:19',1,30,30),(341,1,4,'123',1,'2024-05-09 01:23:21',NULL,'2024-05-09 01:23:21',1,30,30),(342,1,4,'123',1,'2024-05-09 01:28:29',NULL,'2024-05-09 01:28:29',1,30,30),(343,2,3,'공개방',2,'2024-05-09 04:59:28',NULL,'2024-05-09 04:59:28',0,30,40),(344,5,3,'비밀방',3,'2024-05-09 04:59:51',NULL,'2024-05-09 04:59:51',1,30,20),(345,1,3,'비밀방2',3,'2024-05-09 05:01:01',NULL,'2024-05-09 05:01:01',1,30,20),(346,1,2,'123',1,'2024-05-09 05:14:44',NULL,'2024-05-09 05:14:44',1,30,30),(347,1,2,'123',1,'2024-05-09 05:16:34',NULL,'2024-05-09 05:16:34',1,30,30),(348,1,2,'123',1,'2024-05-09 05:17:55',NULL,'2024-05-09 05:17:55',1,30,30),(349,1,2,'123',1,'2024-05-09 05:23:59',NULL,'2024-05-09 05:23:59',1,30,30),(350,1,2,'123',1,'2024-05-09 05:37:15',NULL,'2024-05-09 05:37:15',1,30,30),(351,1,2,'123',1,'2024-05-09 05:37:19',NULL,'2024-05-09 05:37:19',1,30,30),(352,1,2,'123',0,'2024-05-09 05:37:35',NULL,'2024-05-09 05:37:35',1,30,30),(353,1,2,'123',0,'2024-05-09 05:37:37',NULL,'2024-05-09 05:37:37',1,30,30),(354,1,2,'123',0,'2024-05-09 05:39:37',NULL,'2024-05-09 05:39:37',1,30,30),(355,1,2,'123',0,'2024-05-09 05:40:16',NULL,'2024-05-09 05:40:16',1,30,30),(356,1,2,'123',1,'2024-05-09 05:58:44',NULL,'2024-05-09 05:58:44',1,30,30),(357,1,4,'123',1,'2024-05-09 06:01:47',NULL,'2024-05-09 06:01:47',1,30,30),(358,1,4,'123',1,'2024-05-09 06:02:33',NULL,'2024-05-09 06:02:33',1,30,30),(359,5,3,'무서워 다인이~~~~',3,'2024-05-09 06:12:43',NULL,'2024-05-09 06:12:43',0,30,20),(360,3,3,'비밀방 만들어요',2,'2024-05-09 06:13:07',NULL,'2024-05-09 06:13:07',1,30,20),(361,4,3,'123',3,'2024-05-09 06:24:46',NULL,'2024-05-09 06:24:46',0,30,20),(362,1,4,'123',1,'2024-05-09 07:10:00',NULL,'2024-05-09 07:10:00',1,30,30),(363,1,4,'123',3,'2024-05-09 07:18:24',NULL,'2024-05-09 07:18:24',1,30,30),(364,1,2,'123',1,'2024-05-09 07:42:49',NULL,'2024-05-09 07:42:49',1,30,30),(365,1,2,'123',1,'2024-05-09 07:45:43',NULL,'2024-05-09 07:45:43',1,30,30),(366,1,2,'123',1,'2024-05-09 07:54:53',NULL,'2024-05-09 07:54:53',1,30,30),(367,1,4,'123',3,'2024-05-09 07:55:32',NULL,'2024-05-09 07:55:32',1,30,30),(368,1,2,'123',1,'2024-05-09 07:56:29',NULL,'2024-05-09 07:56:29',1,30,30),(369,1,2,'123',1,'2024-05-09 07:57:17',NULL,'2024-05-09 07:57:17',1,30,30),(370,1,2,'123',1,'2024-05-09 07:58:20',NULL,'2024-05-09 07:58:20',1,30,30),(371,3,3,'123456',2,'2024-05-10 00:21:54',NULL,'2024-05-10 00:21:54',0,30,20),(372,4,3,'456',3,'2024-05-10 00:46:17',NULL,'2024-05-10 00:46:17',0,30,20),(373,3,3,'789456',3,'2024-05-10 00:46:52',NULL,'2024-05-10 00:46:52',0,30,20),(374,2,12341123,'어서오고',3,'2024-05-10 00:47:13',NULL,'2024-05-10 00:47:13',0,30,15),(375,2,12341123,'어서오고',3,'2024-05-10 00:48:34',NULL,'2024-05-10 00:48:34',0,30,15),(376,3,4,'어서오고',3,'2024-05-10 01:08:01',NULL,'2024-05-10 01:08:01',1,30,15),(377,2,12341123,'어서오고',3,'2024-05-10 01:40:49',NULL,'2024-05-10 01:40:49',0,30,15),(378,2,3,'123456',3,'2024-05-10 01:52:49',NULL,'2024-05-10 01:52:49',1,30,20),(379,1,5,'123',0,'2024-05-10 02:00:17',NULL,'2024-05-10 02:00:17',1,30,30),(380,1,2,'123',1,'2024-05-10 02:02:18',NULL,'2024-05-10 02:02:18',1,30,30),(381,1,5,'123',0,'2024-05-10 03:01:23',NULL,'2024-05-10 03:01:23',1,30,30),(382,1,5,'123',0,'2024-05-10 03:07:47',NULL,'2024-05-10 03:07:47',1,30,30),(383,1,5,'123',0,'2024-05-10 03:24:31',NULL,'2024-05-10 03:24:31',1,30,30),(384,1,4,'어서오고',3,'2024-05-10 03:25:02',NULL,'2024-05-10 03:25:02',0,30,15),(385,1,4,'즐거우셨잖아한잔해',3,'2024-05-10 03:25:11',NULL,'2024-05-10 03:25:11',0,30,15),(386,1,4,'좋다...',3,'2024-05-10 03:26:23',NULL,'2024-05-10 03:26:23',0,30,15),(387,1,5,'123',0,'2024-05-10 03:31:44',NULL,'2024-05-10 03:31:44',1,30,30),(388,1,5,'123',0,'2024-05-10 04:29:58',NULL,'2024-05-10 04:29:58',1,30,30),(389,1,5,'123',0,'2024-05-10 04:45:04',NULL,'2024-05-10 04:45:04',1,30,30),(390,1,5,'123',0,'2024-05-10 04:46:38',NULL,'2024-05-10 04:46:38',1,30,30),(391,1,4,'좋다...',5,'2024-05-10 05:03:36',NULL,'2024-05-10 05:03:36',1,30,15),(392,1,5,'123',0,'2024-05-10 05:48:28',NULL,'2024-05-10 05:48:28',1,30,30),(393,1,5,'123',0,'2024-05-10 05:55:10',NULL,'2024-05-10 05:55:10',1,30,30),(394,1,5,'그럼 신났지!',2,'2024-05-10 06:16:29',NULL,'2024-05-10 06:16:29',0,30,20),(395,1,4,'',3,'2024-05-10 06:21:26',NULL,'2024-05-10 06:21:26',0,30,15),(396,1,4,'죵 파이팅',3,'2024-05-10 06:21:47',NULL,'2024-05-10 06:21:47',0,30,15),(397,1,7,'ㄴㅇㄹㄴㅇㄹ',3,'2024-05-10 06:37:02',NULL,'2024-05-10 06:37:02',0,30,20),(398,1,4,'죵 파이팅',3,'2024-05-10 06:44:06',NULL,'2024-05-10 06:44:06',0,30,15),(399,1,5,'123',0,'2024-05-10 06:44:21',NULL,'2024-05-10 06:44:21',1,30,30),(400,1,4,'죵 파이팅',3,'2024-05-10 06:48:08',NULL,'2024-05-10 06:48:08',0,30,15),(401,1,4,'죵 파이팅',3,'2024-05-10 06:52:07',NULL,'2024-05-10 06:52:07',0,30,15),(402,1,5,'123',0,'2024-05-10 06:52:28',NULL,'2024-05-10 06:52:28',1,30,30),(403,1,4,'좋다...',5,'2024-05-10 07:15:38',NULL,'2024-05-10 07:15:38',1,30,15),(404,1,4,'좋다...',5,'2024-05-10 07:21:20',NULL,'2024-05-10 07:21:20',1,30,15),(405,1,7,'123',1,'2024-05-10 07:22:41',NULL,'2024-05-10 07:22:41',1,30,30),(406,1,4,'좋다...',5,'2024-05-10 07:27:54',NULL,'2024-05-10 07:27:54',1,30,15),(407,1,4,'죵 파이팅',30,'2024-05-10 07:45:02',NULL,'2024-05-10 07:45:02',0,30,15),(408,1,3,'123456',3,'2024-05-10 07:46:08',NULL,'2024-05-10 07:46:08',0,30,20),(409,1,3,'123',3,'2024-05-10 07:46:15',NULL,'2024-05-10 07:46:15',0,30,20),(410,1,3,'132457897',3,'2024-05-10 07:47:26',NULL,'2024-05-10 07:47:26',0,30,20),(411,1,4,'죵 파이팅',30,'2024-05-10 07:47:28',NULL,'2024-05-10 07:47:28',0,30,15),(412,1,4,'죵 파이팅',3,'2024-05-10 07:48:26',NULL,'2024-05-10 07:48:26',0,30,15),(413,2,12341123,'어서오고',3,'2024-05-10 07:49:29',NULL,'2024-05-10 07:49:29',0,30,15),(414,1,6,'123',1,'2024-05-10 07:50:01',NULL,'2024-05-10 07:50:01',1,30,30),(415,2,12341123,'어서오고',3,'2024-05-10 07:52:14',NULL,'2024-05-10 07:52:14',0,30,15),(416,1,4,'좋다...',5,'2024-05-10 07:55:49',NULL,'2024-05-10 07:55:49',1,30,15),(417,1,6,'123',1,'2024-05-11 08:55:16',NULL,'2024-05-11 08:55:16',1,30,30),(418,1,6,'123',1,'2024-05-11 08:59:19',NULL,'2024-05-11 08:59:19',1,30,30),(419,1,6,'123',1,'2024-05-11 09:11:54',NULL,'2024-05-11 09:11:54',1,30,30),(420,1,6,'123',1,'2024-05-11 09:44:16',NULL,'2024-05-11 09:44:16',1,30,30),(421,1,6,'123',1,'2024-05-11 09:46:16',NULL,'2024-05-11 09:46:16',1,30,30),(422,1,6,'123',1,'2024-05-11 09:49:24',NULL,'2024-05-11 09:49:24',1,30,30),(423,1,6,'123',1,'2024-05-11 09:51:19',NULL,'2024-05-11 09:51:19',1,30,30),(424,1,6,'123',1,'2024-05-11 09:54:44',NULL,'2024-05-11 09:54:44',1,30,30),(425,1,6,'123',1,'2024-05-11 10:00:46',NULL,'2024-05-11 10:00:46',1,30,30),(426,1,6,'123',1,'2024-05-11 10:19:31',NULL,'2024-05-11 10:19:31',1,30,30),(427,1,6,'123',1,'2024-05-11 10:29:36',NULL,'2024-05-11 10:29:36',1,30,30),(428,1,6,'123',1,'2024-05-11 11:02:44',NULL,'2024-05-11 11:02:44',1,30,30),(429,1,6,'123',1,'2024-05-11 11:37:42',NULL,'2024-05-11 11:37:42',1,30,30),(430,1,6,'123',1,'2024-05-11 12:02:29',NULL,'2024-05-11 12:02:29',1,30,30),(431,1,6,'123',1,'2024-05-11 12:28:31',NULL,'2024-05-11 12:28:31',1,30,30),(432,2,12341123,'어서오고',3,'2024-05-11 12:38:59',NULL,'2024-05-11 12:38:59',1,30,15),(433,2,12341123,'어서오고',3,'2024-05-11 12:41:56',NULL,'2024-05-11 12:41:56',1,30,15),(434,2,12341123,'어서오고',3,'2024-05-11 12:44:41',NULL,'2024-05-11 12:44:41',1,30,15),(435,2,12341123,'어서오고',3,'2024-05-11 12:46:53',NULL,'2024-05-11 12:46:53',1,30,15),(436,1,6,'123',1,'2024-05-11 12:49:50',NULL,'2024-05-11 12:49:50',1,30,30),(437,1,6,'123',1,'2024-05-11 13:22:30',NULL,'2024-05-11 13:22:30',1,30,30),(438,1,6,'123',1,'2024-05-11 14:18:03',NULL,'2024-05-11 14:18:03',1,30,30),(439,1,6,'123',1,'2024-05-11 14:43:13',NULL,'2024-05-11 14:43:13',1,30,30),(440,2,12341123,'어서오고',3,'2024-05-11 14:48:42',NULL,'2024-05-11 14:48:42',1,30,15),(441,2,12341123,'어서오고',3,'2024-05-11 14:50:15',NULL,'2024-05-11 14:50:15',1,30,15),(442,2,12341123,'어서오고',3,'2024-05-11 14:50:33',NULL,'2024-05-11 14:50:33',1,30,15),(443,1,6,'123',1,'2024-05-11 14:52:07',NULL,'2024-05-11 14:52:07',1,30,30),(444,1,6,'123',1,'2024-05-11 15:00:03',NULL,'2024-05-11 15:00:03',1,30,30),(445,1,6,'123',1,'2024-05-11 15:00:42',NULL,'2024-05-11 15:00:42',1,30,30),(446,1,6,'123',1,'2024-05-11 15:07:37',NULL,'2024-05-11 15:07:37',1,30,30),(447,1,6,'123',1,'2024-05-11 15:11:14',NULL,'2024-05-11 15:11:14',1,30,30),(448,1,6,'123',1,'2024-05-11 15:13:15',NULL,'2024-05-11 15:13:15',1,30,30),(449,1,6,'123',1,'2024-05-11 15:16:29',NULL,'2024-05-11 15:16:29',1,30,30),(450,1,6,'123',1,'2024-05-11 15:30:27',NULL,'2024-05-11 15:30:27',1,30,30),(451,1,6,'123',3,'2024-05-11 15:34:10',NULL,'2024-05-11 15:34:10',1,10,10),(452,1,6,'123',3,'2024-05-11 15:39:42',NULL,'2024-05-11 15:39:42',1,10,10),(453,1,6,'123',3,'2024-05-11 15:42:50',NULL,'2024-05-11 15:42:50',1,100,100),(454,1,6,'123',3,'2024-05-11 15:43:58',NULL,'2024-05-11 15:43:58',1,100,100),(455,1,6,'123',3,'2024-05-11 15:52:29',NULL,'2024-05-11 15:52:29',1,10,10),(456,1,6,'123',3,'2024-05-11 15:53:58',NULL,'2024-05-11 15:53:58',1,20,20),(457,1,6,'123',3,'2024-05-11 15:57:33',NULL,'2024-05-11 15:57:33',1,20,20),(458,1,6,'123',3,'2024-05-11 15:59:15',NULL,'2024-05-11 15:59:15',1,20,20),(459,1,6,'123',3,'2024-05-11 16:07:49',NULL,'2024-05-11 16:07:49',1,20,20),(460,1,6,'123',3,'2024-05-11 16:09:17',NULL,'2024-05-11 16:09:17',1,20,20),(461,1,6,'123',3,'2024-05-12 00:22:43',NULL,'2024-05-12 00:22:43',1,30,30),(462,1,6,'123',3,'2024-05-12 00:27:09',NULL,'2024-05-12 00:27:09',1,30,30),(463,1,6,'123',3,'2024-05-12 00:35:36',NULL,'2024-05-12 00:35:36',1,30,30),(464,1,6,'123',3,'2024-05-12 03:58:41',NULL,'2024-05-12 03:58:41',1,30,30),(465,2,12341123,'어서오고',3,'2024-05-12 12:21:55',NULL,'2024-05-12 12:21:55',1,30,15),(466,2,12341123,'어서오고',3,'2024-05-12 12:25:23',NULL,'2024-05-12 12:25:23',1,30,15),(467,2,12341123,'어서오고',3,'2024-05-12 12:44:58',NULL,'2024-05-12 12:44:58',1,30,15),(468,2,12341123,'어서오고',3,'2024-05-12 13:01:36',NULL,'2024-05-12 13:01:36',1,30,15),(469,2,12341123,'어서오고',3,'2024-05-12 13:10:54',NULL,'2024-05-12 13:10:54',1,30,15),(470,2,12341123,'어서오고',3,'2024-05-12 13:12:22',NULL,'2024-05-12 13:12:22',1,30,15),(471,2,12341123,'어서오고',3,'2024-05-12 13:19:27',NULL,'2024-05-12 13:19:27',1,30,15),(472,2,12341123,'어서오고',3,'2024-05-12 13:57:58',NULL,'2024-05-12 13:57:58',1,30,15),(473,1,4,'123',3,'2024-05-12 22:09:54',NULL,'2024-05-12 22:09:54',1,30,30),(474,1,4,'123',3,'2024-05-12 22:13:10',NULL,'2024-05-12 22:13:10',1,30,30),(475,2,7,'',3,'2024-05-13 00:40:14',NULL,'2024-05-13 00:40:14',0,30,20),(476,2,7,'테스트',3,'2024-05-13 00:40:25',NULL,'2024-05-13 00:40:25',0,30,20),(477,3,3,'',2,'2024-05-13 01:26:03',NULL,'2024-05-13 01:26:03',1,40,30),(478,1,4,'123',3,'2024-05-13 01:30:20',NULL,'2024-05-13 01:30:20',1,30,30),(479,1,4,'123',3,'2024-05-13 01:36:58',NULL,'2024-05-13 01:36:58',1,30,30),(480,1,4,'123',3,'2024-05-13 01:39:01',NULL,'2024-05-13 01:39:01',1,30,30),(481,5,3,'',2,'2024-05-13 01:39:43',NULL,'2024-05-13 01:39:43',0,30,20),(482,1,4,'123',3,'2024-05-13 01:41:46',NULL,'2024-05-13 01:41:46',1,30,30),(483,1,6,'123',3,'2024-05-13 02:03:57',NULL,'2024-05-13 02:03:57',1,30,30),(484,1,6,'123',3,'2024-05-13 02:25:53',NULL,'2024-05-13 02:25:53',1,30,30),(485,1,6,'123',3,'2024-05-13 02:36:49',NULL,'2024-05-13 02:36:49',1,30,30),(486,1,7,'ㅁㅁ',3,'2024-05-13 03:24:52',NULL,'2024-05-13 03:24:52',0,30,20),(487,1,4,'123',3,'2024-05-13 03:43:33',NULL,'2024-05-13 03:43:33',1,30,30),(488,1,4,'123',3,'2024-05-13 03:55:37',NULL,'2024-05-13 03:55:37',1,30,30),(489,2,3,'하이 비밀방',2,'2024-05-13 03:57:51',NULL,'2024-05-13 03:57:51',1,30,20),(490,3,3,'123',3,'2024-05-13 03:58:48',NULL,'2024-05-13 03:58:48',1,30,20),(491,2,12341123,'어서오고',3,'2024-05-13 04:05:36',NULL,'2024-05-13 04:05:36',0,30,15),(492,2,12341123,'어서오고',3,'2024-05-13 04:08:30',NULL,'2024-05-13 04:08:30',0,30,15),(493,2,12341123,'어서오고',3,'2024-05-13 04:09:11',NULL,'2024-05-13 04:09:11',0,30,15),(494,3,3,'123',3,'2024-05-13 04:13:46',NULL,'2024-05-13 04:13:46',0,30,20),(495,1,4,'하이루 ><',3,'2024-05-13 04:17:00',NULL,'2024-05-13 04:17:00',0,30,20),(496,1,6,'123',3,'2024-05-13 04:20:07',NULL,'2024-05-13 04:20:07',1,30,30),(497,5,3,'비밀방',2,'2024-05-13 04:23:09',NULL,'2024-05-13 04:23:09',1,30,20),(498,2,3,'222',3,'2024-05-13 04:26:52',NULL,'2024-05-13 04:26:52',0,30,20),(499,2,12341123,'어서오고',3,'2024-05-13 04:38:39',NULL,'2024-05-13 04:38:39',0,30,15),(500,3,2,'heelo',3,'2024-05-13 04:39:24',NULL,'2024-05-13 04:39:24',0,30,20),(501,1,2,'sadfasdfsadf',3,'2024-05-13 04:40:11',NULL,'2024-05-13 04:40:11',0,30,20),(502,3,2,'zzzzz',3,'2024-05-13 04:44:51',NULL,'2024-05-13 04:44:51',0,30,20),(503,1,2,'zzzz',3,'2024-05-13 04:45:02',NULL,'2024-05-13 04:45:02',0,30,20),(504,5,4,'파이팅!',3,'2024-05-13 04:46:55',NULL,'2024-05-13 04:46:55',1,30,20),(505,1,6,'123',3,'2024-05-13 04:59:26',NULL,'2024-05-13 04:59:26',1,30,30),(506,1,6,'123',3,'2024-05-13 05:01:01',NULL,'2024-05-13 05:01:01',1,30,30),(507,2,3,'123456',3,'2024-05-13 05:03:20',NULL,'2024-05-13 05:03:20',0,30,20),(508,5,3,'0987',3,'2024-05-13 05:03:33',NULL,'2024-05-13 05:03:33',0,30,20),(509,1,6,'123',3,'2024-05-13 05:30:55',NULL,'2024-05-13 05:30:55',1,30,30),(510,5,3,'123',3,'2024-05-13 05:58:59',NULL,'2024-05-13 05:58:59',0,30,20),(511,1,2,'hjgkhj',3,'2024-05-13 06:04:12',NULL,'2024-05-13 06:04:12',0,30,20),(512,4,3,'123456',1,'2024-05-13 06:05:03',NULL,'2024-05-13 06:05:03',1,30,20),(513,1,6,'123',3,'2024-05-13 06:07:13',NULL,'2024-05-13 06:07:13',1,30,30),(514,2,3,'123',3,'2024-05-13 06:08:51',NULL,'2024-05-13 06:08:51',0,30,20),(515,5,3,'dfg',2,'2024-05-13 06:08:56',NULL,'2024-05-13 06:08:56',0,30,20),(516,1,3,'fggvdff',2,'2024-05-13 06:09:01',NULL,'2024-05-13 06:09:01',0,30,20),(517,5,3,'hvbsvfs',2,'2024-05-13 06:09:08',NULL,'2024-05-13 06:09:08',0,30,20),(518,3,3,'sggrfg',2,'2024-05-13 06:09:13',NULL,'2024-05-13 06:09:13',0,30,20),(519,4,3,'fggdsfvdsvghbn',3,'2024-05-13 06:09:19',NULL,'2024-05-13 06:09:19',0,30,20),(520,4,3,'fbfnhsrvb',1,'2024-05-13 06:09:26',NULL,'2024-05-13 06:09:26',0,30,20),(521,1,4,'asdf',3,'2024-05-13 06:12:07',NULL,'2024-05-13 06:12:07',1,30,20),(522,1,4,'비?밀?빵',3,'2024-05-13 06:12:51',NULL,'2024-05-13 06:12:51',1,30,20),(523,1,6,'123',3,'2024-05-13 06:17:37',NULL,'2024-05-13 06:17:37',1,30,30),(524,1,4,'어그로 레전드',3,'2024-05-13 06:18:43',NULL,'2024-05-13 06:18:43',0,30,20),(525,3,4,'유감ㅋ',3,'2024-05-13 06:18:56',NULL,'2024-05-13 06:18:56',0,30,20),(526,2,4,'뿌뿌뿌뿌이',2,'2024-05-13 06:19:16',NULL,'2024-05-13 06:19:16',0,30,20),(527,1,4,'123',3,'2024-05-13 06:20:10',NULL,'2024-05-13 06:20:10',1,30,30),(528,1,5,'123',0,'2024-05-13 06:24:10',NULL,'2024-05-13 06:24:10',1,30,30),(529,1,4,'123',3,'2024-05-13 06:25:25',NULL,'2024-05-13 06:25:25',1,30,30),(530,2,7,'',3,'2024-05-13 06:43:01',NULL,'2024-05-13 06:43:01',0,30,20),(531,2,7,'테스트',3,'2024-05-13 06:43:06',NULL,'2024-05-13 06:43:06',0,30,20),(532,2,7,'',2,'2024-05-13 06:51:05',NULL,'2024-05-13 06:51:05',0,30,20),(533,2,7,'테스트',2,'2024-05-13 06:51:21',NULL,'2024-05-13 06:51:21',0,30,20),(534,1,6,'123',3,'2024-05-13 08:00:42',NULL,'2024-05-13 08:00:42',1,30,30),(535,1,6,'123',3,'2024-05-13 11:07:21',NULL,'2024-05-13 11:07:21',1,30,30),(536,1,6,'123',3,'2024-05-13 23:37:55',NULL,'2024-05-13 23:37:55',1,30,30),(537,1,7,'test',3,'2024-05-14 00:09:03',NULL,'2024-05-14 00:09:03',0,30,20),(538,1,6,'123',3,'2024-05-14 00:10:12',NULL,'2024-05-14 00:10:12',1,30,30),(539,1,6,'123',3,'2024-05-14 00:27:11',NULL,'2024-05-14 00:27:11',1,30,30),(540,2,3,'비밀방',2,'2024-05-14 00:40:13',NULL,'2024-05-14 00:40:13',1,30,20),(541,1,6,'123',3,'2024-05-14 00:43:36',NULL,'2024-05-14 00:43:36',1,30,30),(542,1,6,'123',3,'2024-05-14 00:56:57',NULL,'2024-05-14 00:56:57',1,30,30),(543,1,7,'test',3,'2024-05-14 01:09:09',NULL,'2024-05-14 01:09:09',0,30,20),(544,1,7,'sdfsdfsd',3,'2024-05-14 01:15:09',NULL,'2024-05-14 01:15:09',0,30,20),(545,1,7,'ㅅㄷㄴㅅㄴㄷ',3,'2024-05-14 01:22:09',NULL,'2024-05-14 01:22:09',0,30,20),(546,1,7,'ㅈㄷㄱㅈㄷㄱ',3,'2024-05-14 01:22:58',NULL,'2024-05-14 01:22:58',0,30,20),(547,1,2,'123',1,'2024-05-14 01:33:45',NULL,'2024-05-14 01:33:45',1,30,30),(548,1,7,'게임 스타토',3,'2024-05-14 01:34:47',NULL,'2024-05-14 01:34:47',0,30,20),(549,1,2,'123',1,'2024-05-14 01:36:28',NULL,'2024-05-14 01:36:28',1,30,30),(550,1,2,'123',1,'2024-05-14 01:38:21',NULL,'2024-05-14 01:38:21',1,30,30),(551,1,2,'123',1,'2024-05-14 01:38:31',NULL,'2024-05-14 01:38:31',1,30,30),(552,1,2,'123',1,'2024-05-14 01:49:23',NULL,'2024-05-14 01:49:23',1,30,30),(553,1,2,'123',1,'2024-05-14 01:50:34',NULL,'2024-05-14 01:50:34',1,30,30),(554,1,2,'123',1,'2024-05-14 01:53:18',NULL,'2024-05-14 01:53:18',1,30,30),(555,4,3,'비밀방',2,'2024-05-14 01:59:54',NULL,'2024-05-14 01:59:54',1,30,20),(556,1,6,'123',3,'2024-05-14 01:59:59',NULL,'2024-05-14 01:59:59',1,30,30),(557,1,6,'123',3,'2024-05-14 02:04:03',NULL,'2024-05-14 02:04:03',1,30,30),(558,1,6,'123',3,'2024-05-14 02:08:26',NULL,'2024-05-14 02:08:26',1,30,30),(559,1,6,'123',3,'2024-05-14 02:18:40',NULL,'2024-05-14 02:18:40',1,30,30),(560,1,6,'123',3,'2024-05-14 02:20:17',NULL,'2024-05-14 02:20:17',1,30,30),(561,1,6,'123',3,'2024-05-14 02:21:22',NULL,'2024-05-14 02:21:22',1,30,30),(562,1,6,'123',3,'2024-05-14 02:25:32',NULL,'2024-05-14 02:25:32',1,30,30),(563,1,6,'123',3,'2024-05-14 02:29:56',NULL,'2024-05-14 02:29:56',1,30,30),(564,1,6,'123',3,'2024-05-14 02:38:57',NULL,'2024-05-14 02:38:57',1,30,30),(565,1,7,'test',3,'2024-05-14 03:09:56',NULL,'2024-05-14 03:09:56',0,30,20),(566,1,2,'123',1,'2024-05-14 03:20:05',NULL,'2024-05-14 03:20:05',1,30,30),(567,1,2,'123',1,'2024-05-14 03:20:38',NULL,'2024-05-14 03:20:38',1,30,30),(568,1,6,'123',3,'2024-05-14 03:35:57',NULL,'2024-05-14 03:35:57',1,30,30),(569,1,6,'123',3,'2024-05-14 03:39:55',NULL,'2024-05-14 03:39:55',1,30,30),(570,1,6,'123',3,'2024-05-14 03:46:44',NULL,'2024-05-14 03:46:44',1,30,30),(571,2,7,'test',3,'2024-05-14 04:07:15',NULL,'2024-05-14 04:07:15',0,30,20),(572,1,7,'sdf',3,'2024-05-14 04:08:45',NULL,'2024-05-14 04:08:45',0,30,20),(573,1,6,'아무나 들어와',3,'2024-05-14 04:12:32',NULL,'2024-05-14 04:12:32',0,30,20),(574,4,7,'aa',3,'2024-05-14 04:22:41',NULL,'2024-05-14 04:22:41',0,30,20),(575,1,7,'aa',3,'2024-05-14 04:22:47',NULL,'2024-05-14 04:22:47',0,30,20),(576,1,6,'ㅋㅋ',3,'2024-05-14 04:37:08',NULL,'2024-05-14 04:37:08',0,30,20),(577,1,7,'test',3,'2024-05-14 04:50:44',NULL,'2024-05-14 04:50:44',0,30,20),(578,1,6,'ㅋㅋㅋ',3,'2024-05-14 04:51:03',NULL,'2024-05-14 04:51:03',0,30,20),(579,2,2,'sadfsadff',3,'2024-05-14 04:52:34',NULL,'2024-05-14 04:52:34',0,30,20),(580,1,2,'랜덤테마',3,'2024-05-14 04:53:07',NULL,'2024-05-14 04:53:07',0,30,20),(581,1,4,'지도게임 좋지',3,'2024-05-14 04:59:23',NULL,'2024-05-14 04:59:23',0,30,20),(582,1,7,'aaa',3,'2024-05-14 05:02:03',NULL,'2024-05-14 05:02:03',0,30,20),(583,3,13,'컨과 함께 게임을~~',3,'2024-05-14 05:03:50',NULL,'2024-05-14 05:03:50',0,30,20),(584,1,3,'하이',3,'2024-05-14 05:07:14',NULL,'2024-05-14 05:07:14',0,30,20),(585,3,3,'하이!',3,'2024-05-14 05:11:19',NULL,'2024-05-14 05:11:19',0,30,20),(586,4,3,'하이하이',3,'2024-05-14 05:11:43',NULL,'2024-05-14 05:11:43',0,30,20),(587,5,3,'히히의 방',3,'2024-05-14 05:12:12',NULL,'2024-05-14 05:12:12',0,30,20),(588,1,3,'하이',3,'2024-05-14 05:18:07',NULL,'2024-05-14 05:18:07',0,30,20),(589,1,3,'ㅎㄹㅊㅇ',3,'2024-05-14 05:18:26',NULL,'2024-05-14 05:18:26',0,30,20),(590,2,12341123,'어서오고',3,'2024-05-14 05:19:26',NULL,'2024-05-14 05:19:26',0,30,15),(591,1,3,'ㅇㅀ포',3,'2024-05-14 05:22:44',NULL,'2024-05-14 05:22:44',0,30,20),(592,2,3,'!!',3,'2024-05-14 05:24:10',NULL,'2024-05-14 05:24:10',0,30,20),(593,5,3,'2하이',3,'2024-05-14 05:24:23',NULL,'2024-05-14 05:24:23',0,30,20),(594,1,7,'ㅁㅁㅁㅁㅁㅁ',3,'2024-05-14 05:28:28',NULL,'2024-05-14 05:28:28',0,30,20),(595,1,3,'ㄹㅇ',3,'2024-05-14 05:29:23',NULL,'2024-05-14 05:29:23',0,30,20),(596,1,14,'test',3,'2024-05-14 05:29:37',NULL,'2024-05-14 05:29:37',1,30,20),(597,1,3,'하이5',3,'2024-05-14 05:35:07',NULL,'2024-05-14 05:35:07',0,30,20),(598,1,7,'aaaa',3,'2024-05-14 05:52:51',NULL,'2024-05-14 05:52:51',0,30,20),(599,1,12,'여기로 와보세요',3,'2024-05-14 05:53:05',NULL,'2024-05-14 05:53:05',0,30,20),(600,1,3,'new!',3,'2024-05-14 05:58:22',NULL,'2024-05-14 05:58:22',0,30,20),(601,4,3,'6',3,'2024-05-14 05:58:36',NULL,'2024-05-14 05:58:36',0,30,20),(602,1,7,'dasdas',3,'2024-05-14 06:12:07',NULL,'2024-05-14 06:12:07',0,30,20),(603,1,7,'dasdas',3,'2024-05-14 06:12:09',NULL,'2024-05-14 06:12:09',0,30,20),(604,1,7,'dasdas',3,'2024-05-14 06:12:12',NULL,'2024-05-14 06:12:12',0,30,20),(605,1,3,'7',3,'2024-05-14 06:13:03',NULL,'2024-05-14 06:13:03',0,30,20),(606,1,6,'ㅁㄴㅇㄻㄴㅇㄻㄴㅇㄹ',3,'2024-05-14 06:18:33',NULL,'2024-05-14 06:18:33',0,30,20),(607,1,3,'123456',3,'2024-05-14 06:19:37',NULL,'2024-05-14 06:19:37',0,30,20),(608,1,3,'5678',3,'2024-05-14 06:19:52',NULL,'2024-05-14 06:19:52',0,30,20),(609,1,7,'test',3,'2024-05-14 06:22:17',NULL,'2024-05-14 06:22:17',0,30,20),(610,1,7,'aaa',3,'2024-05-14 06:23:33',NULL,'2024-05-14 06:23:33',0,30,20),(611,4,3,'히히',3,'2024-05-14 06:29:23',NULL,'2024-05-14 06:29:23',0,30,20),(612,1,7,'aaaaaa',3,'2024-05-14 06:39:20',NULL,'2024-05-14 06:39:20',0,30,20),(613,1,2,'sadf',3,'2024-05-14 06:43:03',NULL,'2024-05-14 06:43:03',0,30,20),(614,1,5,'123',0,'2024-05-14 06:44:16',NULL,'2024-05-14 06:44:16',1,30,30),(615,1,6,'1대1 고수만',3,'2024-05-14 06:44:23',NULL,'2024-05-14 06:44:23',0,30,20),(616,1,2,'테스트방만들었습니다',3,'2024-05-14 06:47:55',NULL,'2024-05-14 06:47:55',0,30,20),(617,1,2,'박근수가만든테스트방',3,'2024-05-14 06:52:52',NULL,'2024-05-14 06:52:52',0,30,20),(618,1,7,'aaaa',3,'2024-05-14 06:53:27',NULL,'2024-05-14 06:53:27',0,30,20),(619,1,7,'mymymymymymyy',3,'2024-05-14 06:57:09',NULL,'2024-05-14 06:57:09',0,30,20),(620,1,7,'realtest',3,'2024-05-14 06:58:49',NULL,'2024-05-14 06:58:49',0,30,20),(621,1,7,'tetetetete',3,'2024-05-14 06:59:15',NULL,'2024-05-14 06:59:15',0,30,20),(622,3,13,'방 생성',3,'2024-05-14 07:00:54',NULL,'2024-05-14 07:00:54',0,50,50),(623,1,2,'ㅁㄴㅇㄹ',3,'2024-05-14 07:08:33',NULL,'2024-05-14 07:08:33',0,30,20),(624,2,12341123,'어서오고',3,'2024-05-14 07:10:17',NULL,'2024-05-14 07:10:17',0,30,15),(625,1,7,'`123qweasd',3,'2024-05-14 07:12:49',NULL,'2024-05-14 07:12:49',0,30,20),(626,1,6,'1대1초고수만',3,'2024-05-14 07:20:35',NULL,'2024-05-14 07:20:35',0,30,20),(627,1,7,'ㅁㅁㅁㅁ',3,'2024-05-14 07:21:30',NULL,'2024-05-14 07:21:30',0,30,20),(628,1,4,'테스트용 방입니다.',3,'2024-05-14 07:46:34',NULL,'2024-05-14 07:46:34',0,30,20),(629,1,2,'test',3,'2024-05-14 07:46:35',NULL,'2024-05-14 07:46:35',0,30,20),(630,1,4,'213',3,'2024-05-14 07:47:07',NULL,'2024-05-14 07:47:07',0,30,20),(631,1,6,'123',3,'2024-05-14 07:48:12',NULL,'2024-05-14 07:48:12',1,30,30),(632,1,6,'123',3,'2024-05-14 07:52:12',NULL,'2024-05-14 07:52:12',1,30,30),(633,1,5,'123',0,'2024-05-14 07:57:52',NULL,'2024-05-14 07:57:52',1,30,30),(634,1,5,'123',0,'2024-05-14 08:05:55',NULL,'2024-05-14 08:05:55',1,30,30),(635,1,5,'123',0,'2024-05-14 08:11:42',NULL,'2024-05-14 08:11:42',1,30,30),(636,1,7,'ㅁㅁㅁ',3,'2024-05-14 08:13:36',NULL,'2024-05-14 08:13:36',0,30,20),(637,1,6,'123',3,'2024-05-14 08:20:20',NULL,'2024-05-14 08:20:20',1,30,30),(638,1,6,'123',3,'2024-05-14 08:22:02',NULL,'2024-05-14 08:22:02',1,30,30),(639,1,5,'123',0,'2024-05-14 08:23:48',NULL,'2024-05-14 08:23:48',1,30,30),(640,1,6,'123',3,'2024-05-14 08:26:43',NULL,'2024-05-14 08:26:43',1,30,30),(641,1,7,'ㅅㄷㄴㅅ',3,'2024-05-14 08:28:47',NULL,'2024-05-14 08:28:47',0,30,20),(642,1,6,'123',3,'2024-05-14 08:31:18',NULL,'2024-05-14 08:31:18',1,30,30),(643,1,2,'asdfsadf',3,'2024-05-14 08:33:09',NULL,'2024-05-14 08:33:09',0,30,20),(644,1,2,'asdfsadf',3,'2024-05-14 08:33:10',NULL,'2024-05-14 08:33:10',0,30,20),(645,1,6,'123',3,'2024-05-14 08:35:07',NULL,'2024-05-14 08:35:07',1,30,30),(646,1,7,'test',3,'2024-05-14 08:35:34',NULL,'2024-05-14 08:35:34',0,30,20),(647,1,5,'드루와',3,'2024-05-14 08:46:22',NULL,'2024-05-14 08:46:22',0,30,20),(648,1,7,'aaaa',3,'2024-05-14 08:50:52',NULL,'2024-05-14 08:50:52',0,30,20),(649,1,7,'test',3,'2024-05-14 09:24:05',NULL,'2024-05-14 09:24:05',0,30,20),(650,1,4,'들어오세요',3,'2024-05-14 11:07:19',NULL,'2024-05-14 11:07:19',0,30,20),(651,1,9,'와근데 완성도 장난없다 ㄷㄷㄷ',2,'2024-05-14 11:13:06',NULL,'2024-05-14 11:13:06',0,30,20),(652,1,9,'fgadfsfdsf',5,'2024-05-14 11:19:10',NULL,'2024-05-14 11:19:10',1,60,50),(653,1,9,'123qrfedsag',5,'2024-05-14 11:23:15',NULL,'2024-05-14 11:23:15',0,60,50),(654,1,2,'흠흠....',3,'2024-05-14 14:58:00',NULL,'2024-05-14 14:58:00',0,60,50),(655,1,6,'ㅋㅋㅋ',3,'2024-05-14 23:25:25',NULL,'2024-05-14 23:25:25',0,30,20),(656,2,12341123,'어서오고',3,'2024-05-15 02:40:02',NULL,'2024-05-15 02:40:02',0,30,15),(657,1,5,'123',0,'2024-05-15 02:52:23',NULL,'2024-05-15 02:52:23',1,30,30),(658,1,5,'123',0,'2024-05-15 02:52:28',NULL,'2024-05-15 02:52:28',1,30,30),(659,1,5,'123',0,'2024-05-15 03:11:04',NULL,'2024-05-15 03:11:04',1,30,30),(660,1,5,'123',0,'2024-05-15 03:11:45',NULL,'2024-05-15 03:11:45',1,30,30),(661,1,5,'123',0,'2024-05-15 03:31:01',NULL,'2024-05-15 03:31:01',1,30,30),(662,1,5,'123',0,'2024-05-15 03:32:50',NULL,'2024-05-15 03:32:50',1,30,30),(663,1,5,'123',0,'2024-05-15 03:34:46',NULL,'2024-05-15 03:34:46',1,30,30),(664,1,5,'123',0,'2024-05-15 03:37:03',NULL,'2024-05-15 03:37:03',1,30,30),(665,1,7,'test',3,'2024-05-15 03:53:19',NULL,'2024-05-15 03:53:19',0,30,20),(666,1,5,'외않되',3,'2024-05-15 04:17:34',NULL,'2024-05-15 04:17:34',0,30,20),(667,1,7,'test',3,'2024-05-15 04:50:01',NULL,'2024-05-15 04:50:01',0,30,20),(668,1,7,'test',3,'2024-05-15 04:59:58',NULL,'2024-05-15 04:59:58',0,30,20),(669,1,5,'ㅋㅋ',3,'2024-05-15 05:05:40',NULL,'2024-05-15 05:05:40',1,30,20),(670,1,7,'룸 네임',3,'2024-05-15 05:31:41',NULL,'2024-05-15 05:31:41',0,30,20),(671,1,7,'ㅅㄷㄴㅅ',3,'2024-05-15 06:07:11',NULL,'2024-05-15 06:07:11',0,30,20),(672,3,7,'ㅅㄷㄴㅅ',3,'2024-05-15 06:31:12',NULL,'2024-05-15 06:31:12',0,30,20),(673,4,7,'ㅅㄷㄴㅅ',5,'2024-05-15 06:31:25',NULL,'2024-05-15 06:31:25',0,50,50),(674,1,7,'ㅅㅅㄷㅅ',5,'2024-05-15 06:34:57',NULL,'2024-05-15 06:34:57',0,30,20),(675,1,7,'ㅁㅁㅁ',5,'2024-05-15 06:47:04',NULL,'2024-05-15 06:47:04',0,30,20),(676,1,7,'test',4,'2024-05-15 06:58:27',NULL,'2024-05-15 06:58:27',0,30,20),(677,2,7,'asdasd',3,'2024-05-15 07:01:06',NULL,'2024-05-15 07:01:06',0,30,20),(678,2,7,'asdsad',3,'2024-05-15 07:14:48',NULL,'2024-05-15 07:14:48',0,30,20),(679,1,16,'asdasdasd',3,'2024-05-15 07:17:17',NULL,'2024-05-15 07:17:17',0,30,20),(680,1,7,'ㅁㄴㅇㅁㄴㅇ',5,'2024-05-15 07:52:15',NULL,'2024-05-15 07:52:15',0,30,20),(681,1,7,'test',3,'2024-05-15 08:17:15',NULL,'2024-05-15 08:17:15',0,30,20),(682,1,7,'test',3,'2024-05-15 08:35:02',NULL,'2024-05-15 08:35:02',0,30,20),(683,1,7,'ㅅㄷㄴㅅ',3,'2024-05-15 08:39:25',NULL,'2024-05-15 08:39:25',0,30,20),(684,2,7,'ㅁㅁ',4,'2024-05-15 08:49:28',NULL,'2024-05-15 08:49:28',0,30,20),(685,2,7,'ㅁㅁ',4,'2024-05-15 08:49:29',NULL,'2024-05-15 08:49:29',0,30,20),(686,1,7,'ㅁㄴㅇㄹ',3,'2024-05-15 08:50:51',NULL,'2024-05-15 08:50:51',0,30,20),(687,1,16,'ㅁㄴㅇㅁㅇㅁㄴ',3,'2024-05-15 08:54:20',NULL,'2024-05-15 08:54:20',0,30,20),(688,4,7,'ㅁㅁㅁㅁ',3,'2024-05-15 08:54:39',NULL,'2024-05-15 08:54:39',0,30,20),(689,1,7,'123',2,'2024-05-15 08:55:02',NULL,'2024-05-15 08:55:02',0,30,20),(690,1,7,'123123',4,'2024-05-15 08:57:08',NULL,'2024-05-15 08:57:08',0,30,20),(691,1,7,'123123',1,'2024-05-15 08:57:21',NULL,'2024-05-15 08:57:21',0,50,20),(692,1,7,'ㅁㅁㅁㅁㅁ',3,'2024-05-15 09:12:17',NULL,'2024-05-15 09:12:17',0,30,20),(693,3,7,'ㅁㄴㅇㅁㄴㅇ',3,'2024-05-15 09:12:35',NULL,'2024-05-15 09:12:35',0,30,20),(694,1,7,'1234',5,'2024-05-15 09:15:35',NULL,'2024-05-15 09:15:35',0,50,40),(695,1,7,'12314',1,'2024-05-15 09:16:26',NULL,'2024-05-15 09:16:26',0,30,20),(696,2,7,'ㅁㄴㅇㅁㄴㅇ',3,'2024-05-15 09:25:31',NULL,'2024-05-15 09:25:31',0,30,20),(697,4,7,'1111',3,'2024-05-15 09:25:57',NULL,'2024-05-15 09:25:57',0,30,20),(698,1,7,'111',3,'2024-05-15 09:29:23',NULL,'2024-05-15 09:29:23',0,30,20),(699,1,7,'11',4,'2024-05-15 10:08:19',NULL,'2024-05-15 10:08:19',0,30,20),(700,1,7,'ㅁㅁㅁ',1,'2024-05-15 10:16:19',NULL,'2024-05-15 10:16:19',0,30,20),(701,1,5,'????',3,'2024-05-15 10:29:02',NULL,'2024-05-15 10:29:02',0,30,20),(702,1,5,'123',0,'2024-05-15 10:32:20',NULL,'2024-05-15 10:32:20',1,30,30),(703,1,7,'1234',3,'2024-05-15 10:33:17',NULL,'2024-05-15 10:33:17',0,30,20),(704,4,7,'123',1,'2024-05-15 10:33:27',NULL,'2024-05-15 10:33:27',0,30,20),(705,1,7,'123123',1,'2024-05-15 10:33:32',NULL,'2024-05-15 10:33:32',0,30,20),(706,1,5,'123',0,'2024-05-15 10:40:42',NULL,'2024-05-15 10:40:42',1,30,30),(707,1,7,'123',1,'2024-05-15 10:45:08',NULL,'2024-05-15 10:45:08',0,30,20),(708,1,2,'테스트방',3,'2024-05-15 13:08:09',NULL,'2024-05-15 13:08:09',0,30,20),(709,1,2,'zxcv',3,'2024-05-15 13:19:41',NULL,'2024-05-15 13:19:41',0,30,20),(710,1,2,'test',3,'2024-05-16 00:05:16',NULL,'2024-05-16 00:05:16',0,30,20),(711,1,2,'111',3,'2024-05-16 00:05:21',NULL,'2024-05-16 00:05:21',0,30,20),(712,2,3,'히히4의 게임',4,'2024-05-16 00:20:42',NULL,'2024-05-16 00:20:42',0,30,20),(713,1,7,'test',1,'2024-05-16 00:27:02',NULL,'2024-05-16 00:27:02',0,30,20),(714,1,7,'test',1,'2024-05-16 00:27:05',NULL,'2024-05-16 00:27:05',0,30,20),(715,1,7,'123',1,'2024-05-16 00:56:47',NULL,'2024-05-16 00:56:47',0,30,20),(716,5,3,'해피의 게임',5,'2024-05-16 01:03:20',NULL,'2024-05-16 01:03:20',0,50,30),(717,1,2,'ㅁㄴㅇㄹ',3,'2024-05-16 01:04:43',NULL,'2024-05-16 01:04:43',0,30,20),(718,1,2,'12314',3,'2024-05-16 01:08:37',NULL,'2024-05-16 01:08:37',0,30,20),(719,1,2,'123124124',3,'2024-05-16 01:08:54',NULL,'2024-05-16 01:08:54',0,30,20),(720,1,4,'sfsdfsdf',3,'2024-05-16 01:14:46',NULL,'2024-05-16 01:14:46',0,30,20),(721,1,4,'asdf',3,'2024-05-16 01:15:31',NULL,'2024-05-16 01:15:31',0,30,20),(722,1,4,'asdf',3,'2024-05-16 01:16:14',NULL,'2024-05-16 01:16:14',0,30,20),(723,1,2,'박근수',3,'2024-05-16 01:16:41',NULL,'2024-05-16 01:16:41',0,30,20),(724,1,7,'qqqqqq',3,'2024-05-16 01:17:28',NULL,'2024-05-16 01:17:28',0,30,20),(725,1,7,'qqqqweqwe',3,'2024-05-16 01:17:40',NULL,'2024-05-16 01:17:40',0,30,20),(726,1,7,'111111111111',2,'2024-05-16 01:20:58',NULL,'2024-05-16 01:20:58',0,30,20),(727,1,2,'ㅅㄷㄴㅅ',3,'2024-05-16 01:24:49',NULL,'2024-05-16 01:24:49',0,30,20),(728,1,2,'???',3,'2024-05-16 01:25:46',NULL,'2024-05-16 01:25:46',0,30,20),(729,1,7,'1111123123',3,'2024-05-16 01:27:16',NULL,'2024-05-16 01:27:16',0,30,20),(730,1,7,'111111',3,'2024-05-16 01:28:19',NULL,'2024-05-16 01:28:19',0,30,20),(731,1,7,'123123123',1,'2024-05-16 01:32:45',NULL,'2024-05-16 01:32:45',0,30,20),(732,1,2,'테스트',3,'2024-05-16 01:33:00',NULL,'2024-05-16 01:33:00',0,30,20),(733,1,4,'ㄱㅂㅈㄱ',3,'2024-05-16 01:33:17',NULL,'2024-05-16 01:33:17',0,30,20),(734,1,7,'1111',3,'2024-05-16 01:33:24',NULL,'2024-05-16 01:33:24',0,30,20),(735,1,7,'11111',1,'2024-05-16 01:34:28',NULL,'2024-05-16 01:34:28',0,30,20),(736,1,4,'ㅁㄴㅇㄹ',3,'2024-05-16 01:35:20',NULL,'2024-05-16 01:35:20',0,30,20),(737,1,7,'11111',3,'2024-05-16 01:35:42',NULL,'2024-05-16 01:35:42',0,30,20),(738,1,7,'1111111',3,'2024-05-16 01:36:42',NULL,'2024-05-16 01:36:42',0,30,20),(739,1,7,'1111',3,'2024-05-16 01:37:44',NULL,'2024-05-16 01:37:44',0,30,20),(740,1,4,'ㅁㄴㅇㄻㄴㅇㄹ',3,'2024-05-16 01:39:09',NULL,'2024-05-16 01:39:09',0,30,20),(741,1,7,'1111',3,'2024-05-16 01:39:23',NULL,'2024-05-16 01:39:23',0,30,20),(742,1,3,'ㅎㅇㅇㄿ',3,'2024-05-16 01:39:29',NULL,'2024-05-16 01:39:29',0,60,50),(743,4,3,'해피',3,'2024-05-16 01:40:30',NULL,'2024-05-16 01:40:30',0,50,50),(744,1,7,'1234',3,'2024-05-16 01:40:46',NULL,'2024-05-16 01:40:46',0,30,20),(745,1,3,'124',3,'2024-05-16 01:41:26',NULL,'2024-05-16 01:41:26',0,30,30),(746,5,3,'dvvcv',5,'2024-05-16 01:42:07',NULL,'2024-05-16 01:42:07',0,50,50),(747,2,3,'bggbdfc',5,'2024-05-16 01:42:19',NULL,'2024-05-16 01:42:19',0,50,50),(748,1,3,'67867867867867867867',3,'2024-05-16 01:46:41',NULL,'2024-05-16 01:46:41',1,30,20),(749,1,7,'1111123123',3,'2024-05-16 01:47:10',NULL,'2024-05-16 01:47:10',0,30,20),(750,1,2,'박근수가 테스트하는방',3,'2024-05-16 01:48:54',NULL,'2024-05-16 01:48:54',0,30,20),(751,1,2,'박근수2',3,'2024-05-16 01:49:02',NULL,'2024-05-16 01:49:02',0,30,20),(752,1,7,'1111123123',3,'2024-05-16 02:16:45',NULL,'2024-05-16 02:16:45',0,30,20),(753,1,7,'1111',3,'2024-05-16 02:23:44',NULL,'2024-05-16 02:23:44',0,30,20),(754,1,7,'1111',3,'2024-05-16 02:27:32',NULL,'2024-05-16 02:27:32',0,30,20),(755,1,7,'1111',1,'2024-05-16 02:31:51',NULL,'2024-05-16 02:31:51',0,30,20),(756,1,2,'33',3,'2024-05-16 02:32:28',NULL,'2024-05-16 02:32:28',0,30,20),(757,1,7,'1111',1,'2024-05-16 03:16:33',NULL,'2024-05-16 03:16:33',0,30,20),(758,1,7,'11111',3,'2024-05-16 03:39:38',NULL,'2024-05-16 03:39:38',0,30,20),(759,1,7,'1111',3,'2024-05-16 03:41:01',NULL,'2024-05-16 03:41:01',0,30,20),(760,1,7,'aaaaa',3,'2024-05-16 03:46:55',NULL,'2024-05-16 03:46:55',0,30,20),(761,1,7,'aaa',3,'2024-05-16 03:54:00',NULL,'2024-05-16 03:54:00',0,30,20),(762,5,3,'1234',3,'2024-05-16 04:00:22',NULL,'2024-05-16 04:00:22',0,30,20),(763,2,3,'해피의 게임',3,'2024-05-16 04:01:30',NULL,'2024-05-16 04:01:30',0,30,20),(764,1,3,'12233456',3,'2024-05-16 04:01:44',NULL,'2024-05-16 04:01:44',0,30,20),(765,1,2,'wqer',3,'2024-05-16 04:05:27',NULL,'2024-05-16 04:05:27',1,30,20),(766,1,7,'1111',3,'2024-05-16 04:05:58',NULL,'2024-05-16 04:05:58',0,30,20),(767,2,3,'해피의 방',1,'2024-05-16 04:20:32',NULL,'2024-05-16 04:20:32',0,30,20),(768,5,3,'해피의 방',1,'2024-05-16 04:20:52',NULL,'2024-05-16 04:20:52',0,30,20),(769,5,3,'해피의 방',1,'2024-05-16 04:21:12',NULL,'2024-05-16 04:21:12',0,30,20),(770,3,3,'해피',1,'2024-05-16 04:21:36',NULL,'2024-05-16 04:21:36',0,30,20),(771,4,3,'qwer',1,'2024-05-16 04:22:36',NULL,'2024-05-16 04:22:36',0,30,20),(772,1,3,'해피',3,'2024-05-16 04:22:55',NULL,'2024-05-16 04:22:55',0,30,20),(773,2,3,'해피의 게임',1,'2024-05-16 04:27:23',NULL,'2024-05-16 04:27:23',0,30,20),(774,5,3,'해피의 게임',1,'2024-05-16 04:27:39',NULL,'2024-05-16 04:27:39',0,30,20),(775,3,3,'해피의 게임',1,'2024-05-16 04:27:53',NULL,'2024-05-16 04:27:53',0,30,20),(776,1,3,'햐ㅐ피',1,'2024-05-16 04:28:10',NULL,'2024-05-16 04:28:10',0,30,20),(777,1,7,'11111',3,'2024-05-16 04:43:38',NULL,'2024-05-16 04:43:38',0,30,20),(778,2,3,'나는야세상에서가장긴게임이름을만들거예요',5,'2024-05-16 04:45:21',NULL,'2024-05-16 04:45:21',0,30,20),(779,3,3,'아주아주긴게임이름으로비밀방을만들거예요',3,'2024-05-16 04:45:58',NULL,'2024-05-16 04:45:58',1,30,20),(780,1,4,'ㅁㄴㅇㄻㄴㅇㄹ',3,'2024-05-16 05:01:39',NULL,'2024-05-16 05:01:39',0,30,20),(781,1,4,'ㅁㄴㅇㄹ',3,'2024-05-16 05:19:39',NULL,'2024-05-16 05:19:39',0,30,20),(782,1,7,'1111',1,'2024-05-16 05:20:36',NULL,'2024-05-16 05:20:36',0,30,20),(783,1,7,'11',2,'2024-05-16 05:22:19',NULL,'2024-05-16 05:22:19',0,30,20),(784,1,4,'ㅁㄴㅇㄹ',3,'2024-05-16 05:25:16',NULL,'2024-05-16 05:25:16',0,30,20),(785,1,4,'1대1 초고수만',3,'2024-05-16 05:33:56',NULL,'2024-05-16 05:33:56',0,30,20),(786,1,7,'111',2,'2024-05-16 05:42:13',NULL,'2024-05-16 05:42:13',0,30,20),(787,1,7,'111111',3,'2024-05-16 05:48:06',NULL,'2024-05-16 05:48:06',0,30,20),(788,1,7,'2131241',3,'2024-05-16 05:57:08',NULL,'2024-05-16 05:57:08',0,30,20),(789,1,3,'비밀방',3,'2024-05-16 06:00:45',NULL,'2024-05-16 06:00:45',1,30,20),(790,1,3,'비밀방',3,'2024-05-16 06:00:47',NULL,'2024-05-16 06:00:47',1,30,20),(791,1,7,'123123',2,'2024-05-16 06:05:34',NULL,'2024-05-16 06:05:34',0,30,20),(792,1,6,'고수만',3,'2024-05-16 06:10:55',NULL,'2024-05-16 06:10:55',0,30,20),(793,1,6,'고수만',3,'2024-05-16 06:10:57',NULL,'2024-05-16 06:10:57',0,30,20),(794,1,7,'123123',3,'2024-05-16 06:11:29',NULL,'2024-05-16 06:11:29',0,30,20),(795,1,7,'123124',3,'2024-05-16 06:13:43',NULL,'2024-05-16 06:13:43',0,30,20),(796,1,3,'ㄹㄴㅇㄹㄴㅇ',1,'2024-05-16 06:14:43',NULL,'2024-05-16 06:14:43',0,30,20),(797,1,7,'1111',3,'2024-05-16 06:15:50',NULL,'2024-05-16 06:15:50',0,30,20),(798,1,6,'초고수만',5,'2024-05-16 06:17:41',NULL,'2024-05-16 06:17:41',0,30,20),(799,1,7,'111',3,'2024-05-16 06:18:22',NULL,'2024-05-16 06:18:22',0,30,20),(800,1,2,'보여줄게',3,'2024-05-16 06:22:01',NULL,'2024-05-16 06:22:01',0,30,20),(801,1,7,'11111111',3,'2024-05-16 06:24:05',NULL,'2024-05-16 06:24:05',0,30,20),(802,1,6,'완전고수만',3,'2024-05-16 06:24:27',NULL,'2024-05-16 06:24:27',0,30,20),(803,1,7,'1111',3,'2024-05-16 06:24:56',NULL,'2024-05-16 06:24:56',0,30,20),(804,1,7,'1111',3,'2024-05-16 06:24:56',NULL,'2024-05-16 06:24:56',0,30,20),(805,1,7,'1231243414316',3,'2024-05-16 06:29:40',NULL,'2024-05-16 06:29:40',0,30,20),(806,1,2,'???',3,'2024-05-16 06:33:34',NULL,'2024-05-16 06:33:34',0,30,20),(807,1,2,'ㅎㅎㅎ',3,'2024-05-16 06:34:38',NULL,'2024-05-16 06:34:38',0,30,20),(808,1,7,'11111',2,'2024-05-16 06:47:30',NULL,'2024-05-16 06:47:30',0,30,20),(809,1,7,'11111',2,'2024-05-16 06:48:32',NULL,'2024-05-16 06:48:32',0,30,20),(810,1,2,'ㄴㅇㄱㅁㄴㅇㅅ',3,'2024-05-16 06:48:36',NULL,'2024-05-16 06:48:36',0,30,20),(811,1,7,'111111',3,'2024-05-16 06:54:36',NULL,'2024-05-16 06:54:36',0,30,20),(812,1,7,'123123',3,'2024-05-16 06:57:46',NULL,'2024-05-16 06:57:46',0,30,20),(813,1,7,'123123123123',3,'2024-05-16 06:58:08',NULL,'2024-05-16 06:58:08',0,30,20),(814,1,3,'1234',3,'2024-05-16 07:00:38',NULL,'2024-05-16 07:00:38',0,30,20),(815,1,7,'11111',3,'2024-05-16 07:01:32',NULL,'2024-05-16 07:01:32',0,30,20),(816,1,7,'11',3,'2024-05-16 07:02:48',NULL,'2024-05-16 07:02:48',0,30,20),(817,1,7,'12312312312',3,'2024-05-16 07:04:12',NULL,'2024-05-16 07:04:12',0,30,20),(818,1,7,'kjkj',3,'2024-05-16 07:06:24',NULL,'2024-05-16 07:06:24',0,30,20),(819,1,7,'123123',3,'2024-05-16 07:06:42',NULL,'2024-05-16 07:06:42',0,30,20),(820,1,7,'123123',3,'2024-05-16 07:06:49',NULL,'2024-05-16 07:06:49',0,30,20),(821,1,2,'asdf',3,'2024-05-16 07:15:09',NULL,'2024-05-16 07:15:09',0,30,20),(822,1,7,'초보만',3,'2024-05-16 07:42:19',NULL,'2024-05-16 07:42:19',0,30,20),(823,1,4,'ㅁㄴㅇㄻㄴㅇㄹ',3,'2024-05-16 07:45:56',NULL,'2024-05-16 07:45:56',0,30,20),(824,1,4,'ㅁㄴㅇㄹ',3,'2024-05-16 07:46:28',NULL,'2024-05-16 07:46:28',0,30,20),(825,1,7,'111',3,'2024-05-16 07:47:47',NULL,'2024-05-16 07:47:47',0,30,20),(826,1,7,'1231241241',3,'2024-05-16 07:49:23',NULL,'2024-05-16 07:49:23',0,30,20),(827,1,2,'test',3,'2024-05-16 07:55:01',NULL,'2024-05-16 07:55:01',0,30,20),(828,1,2,'testt',3,'2024-05-16 07:55:10',NULL,'2024-05-16 07:55:10',0,30,20),(829,1,7,'초보만',3,'2024-05-16 07:58:14',NULL,'2024-05-16 07:58:14',0,30,20),(830,1,7,'초보만',3,'2024-05-16 07:58:15',NULL,'2024-05-16 07:58:15',0,30,20),(831,1,2,'etst',3,'2024-05-16 08:10:06',NULL,'2024-05-16 08:10:06',0,30,20),(832,1,7,'ㅇㅁㄴㅇㅁㄴㅇ',3,'2024-05-16 08:11:11',NULL,'2024-05-16 08:11:11',0,30,20),(833,1,7,'1213123',3,'2024-05-16 08:11:33',NULL,'2024-05-16 08:11:33',0,30,20),(834,1,7,'12312312321312',3,'2024-05-16 08:12:09',NULL,'2024-05-16 08:12:09',0,30,20),(835,1,7,'123123',2,'2024-05-16 08:13:58',NULL,'2024-05-16 08:13:58',0,30,20),(836,1,3,'해ㅣ',3,'2024-05-16 08:15:36',NULL,'2024-05-16 08:15:36',0,30,20),(837,1,7,'123123',3,'2024-05-16 08:16:00',NULL,'2024-05-16 08:16:00',0,30,20),(838,1,7,'123123',2,'2024-05-16 08:18:13',NULL,'2024-05-16 08:18:13',0,30,20),(839,1,7,'23423',3,'2024-05-16 08:19:27',NULL,'2024-05-16 08:19:27',0,30,20),(840,1,7,'123123',3,'2024-05-16 08:21:23',NULL,'2024-05-16 08:21:23',0,30,20),(841,1,7,'23412321',3,'2024-05-16 08:25:49',NULL,'2024-05-16 08:25:49',0,30,20),(842,1,7,'123123',3,'2024-05-16 08:26:01',NULL,'2024-05-16 08:26:01',0,30,20),(843,1,7,'12312312',3,'2024-05-16 08:27:51',NULL,'2024-05-16 08:27:51',0,30,20),(844,1,7,'123123',3,'2024-05-16 08:29:12',NULL,'2024-05-16 08:29:12',0,30,20),(845,1,7,'123',3,'2024-05-16 08:30:34',NULL,'2024-05-16 08:30:34',0,30,20),(846,1,7,'3425234234',3,'2024-05-16 08:31:08',NULL,'2024-05-16 08:31:08',0,30,20),(847,1,7,'12312312',3,'2024-05-16 08:32:17',NULL,'2024-05-16 08:32:17',0,30,20),(848,1,7,'34123123',2,'2024-05-16 08:33:37',NULL,'2024-05-16 08:33:37',0,30,20),(849,1,4,'ㄱㄹㅇㅎㅇㅀㄴㅇㅀ',3,'2024-05-16 08:37:10',NULL,'2024-05-16 08:37:10',0,30,20),(850,1,7,'123123',3,'2024-05-16 08:40:06',NULL,'2024-05-16 08:40:06',0,30,20),(851,1,7,'123123',3,'2024-05-16 08:41:42',NULL,'2024-05-16 08:41:42',0,30,20),(852,1,7,'123123',3,'2024-05-16 08:42:26',NULL,'2024-05-16 08:42:26',0,30,20),(853,1,7,'412312',3,'2024-05-16 08:44:40',NULL,'2024-05-16 08:44:40',0,30,20),(854,1,7,'123',3,'2024-05-16 08:45:51',NULL,'2024-05-16 08:45:51',0,30,20),(855,1,7,'123123434634523424',3,'2024-05-16 08:48:28',NULL,'2024-05-16 08:48:28',0,30,20),(856,1,4,'ㅈㄷㄱ',3,'2024-05-16 08:55:06',NULL,'2024-05-16 08:55:06',0,30,20),(857,1,7,'111',3,'2024-05-16 09:03:58',NULL,'2024-05-16 09:03:58',0,30,20),(858,1,7,'1111',3,'2024-05-16 09:05:16',NULL,'2024-05-16 09:05:16',0,30,20),(859,1,7,'123123123123',3,'2024-05-16 09:05:59',NULL,'2024-05-16 09:05:59',0,30,20),(860,1,7,'11111',3,'2024-05-16 09:07:40',NULL,'2024-05-16 09:07:40',0,30,20),(861,1,7,'13123213',3,'2024-05-16 09:08:45',NULL,'2024-05-16 09:08:45',0,30,20),(862,1,7,'12312312',3,'2024-05-16 09:09:54',NULL,'2024-05-16 09:09:54',0,30,20),(863,1,7,'123123213',3,'2024-05-16 09:10:31',NULL,'2024-05-16 09:10:31',0,30,20),(864,1,4,'asdfasdf',3,'2024-05-16 09:14:31',NULL,'2024-05-16 09:14:31',0,30,20),(865,1,7,'123123',3,'2024-05-16 09:23:38',NULL,'2024-05-16 09:23:38',0,30,20),(866,1,2,'ttt',3,'2024-05-16 11:37:41',NULL,'2024-05-16 11:37:41',0,30,20),(867,1,2,'???',3,'2024-05-16 11:47:01',NULL,'2024-05-16 11:47:01',0,60,50),(868,1,2,'sadf',3,'2024-05-16 11:51:58',NULL,'2024-05-16 11:51:58',0,30,20),(869,1,6,'초고수만',3,'2024-05-16 23:49:43',NULL,'2024-05-16 23:49:43',0,30,20),(870,1,2,'ttt',3,'2024-05-17 00:14:23',NULL,'2024-05-17 00:14:23',0,60,40),(871,1,2,'etqwet',3,'2024-05-17 00:15:05',NULL,'2024-05-17 00:15:05',0,30,20),(872,2,2,'다들어와',3,'2024-05-17 00:41:30',NULL,'2024-05-17 00:41:30',0,50,40),(873,3,2,'그리스로',3,'2024-05-17 00:51:11',NULL,'2024-05-17 00:51:11',0,30,20),(874,4,2,'이집트',3,'2024-05-17 00:58:01',NULL,'2024-05-17 00:58:01',0,30,20),(875,5,2,'fasdf',2,'2024-05-17 01:04:37',NULL,'2024-05-17 01:04:37',0,30,20),(876,2,2,'김다인이요청한피드백테스트',5,'2024-05-17 01:12:08',NULL,'2024-05-17 01:12:08',0,30,20),(877,2,2,'ㅁㄴㅇㄻㄴㅇㄹ',3,'2024-05-17 01:36:02',NULL,'2024-05-17 01:36:02',0,30,20),(878,1,2,'adsasdf',3,'2024-05-17 01:59:12',NULL,'2024-05-17 01:59:12',0,30,20),(879,1,6,'asdfasdfasdf',3,'2024-05-17 02:44:40',NULL,'2024-05-17 02:44:40',0,30,20),(880,1,6,'ddddd',3,'2024-05-17 02:45:00',NULL,'2024-05-17 02:45:00',0,30,20),(881,1,6,'ddddddddd',3,'2024-05-17 02:46:18',NULL,'2024-05-17 02:46:18',0,30,20),(882,2,6,'zzzzz',3,'2024-05-17 02:48:08',NULL,'2024-05-17 02:48:08',0,30,20),(883,1,6,'ddddddd',3,'2024-05-17 02:53:40',NULL,'2024-05-17 02:53:40',0,30,20),(884,1,6,'asdfasdfasdf',5,'2024-05-17 02:54:06',NULL,'2024-05-17 02:54:06',0,60,50),(885,1,6,'ffffffffas',3,'2024-05-17 02:54:37',NULL,'2024-05-17 02:54:37',0,30,20),(886,1,6,'asdfasdfasdf',3,'2024-05-17 02:55:05',NULL,'2024-05-17 02:55:05',0,30,20),(887,1,6,'asdfasdfasdfasdfasdf',5,'2024-05-17 02:55:46',NULL,'2024-05-17 02:55:46',0,30,20),(888,1,6,'dfasdfasdfasdfasdfas',3,'2024-05-17 02:57:46',NULL,'2024-05-17 02:57:46',0,30,20),(889,1,6,'hgfjhg',3,'2024-05-17 02:59:02',NULL,'2024-05-17 02:59:02',0,30,20),(890,1,6,'123',3,'2024-05-17 02:59:35',NULL,'2024-05-17 02:59:35',1,30,30),(891,1,6,'asdfasdf',3,'2024-05-17 03:15:16',NULL,'2024-05-17 03:15:16',0,30,20),(892,1,12341123,'adsf',3,'2024-05-17 03:26:21',NULL,'2024-05-17 03:26:21',0,30,20),(893,1,6,'zzz',3,'2024-05-17 03:28:26',NULL,'2024-05-17 03:28:26',0,30,20),(894,1,6,'ddddddd',3,'2024-05-17 03:29:36',NULL,'2024-05-17 03:29:36',0,30,20),(895,1,7,'1111',1,'2024-05-17 03:31:36',NULL,'2024-05-17 03:31:36',0,30,20),(896,1,12341123,'asdfasdf',3,'2024-05-17 03:31:59',NULL,'2024-05-17 03:31:59',0,30,20),(897,1,7,'1111',3,'2024-05-17 03:32:15',NULL,'2024-05-17 03:32:15',0,30,20),(898,1,7,'111',1,'2024-05-17 03:32:51',NULL,'2024-05-17 03:32:51',0,30,20),(899,1,7,'11',1,'2024-05-17 03:33:40',NULL,'2024-05-17 03:33:40',0,30,20),(900,1,12341123,'fasdfasdf',3,'2024-05-17 03:34:12',NULL,'2024-05-17 03:34:12',0,30,20),(901,1,7,'11',1,'2024-05-17 03:34:43',NULL,'2024-05-17 03:34:43',0,30,20),(902,1,2,'j',3,'2024-05-17 03:34:53',NULL,'2024-05-17 03:34:53',0,30,20),(903,1,7,'111',1,'2024-05-17 03:35:16',NULL,'2024-05-17 03:35:16',0,30,20),(904,5,2,'??',3,'2024-05-17 03:36:01',NULL,'2024-05-17 03:36:01',0,30,20),(905,1,2,'asdf',3,'2024-05-17 03:41:10',NULL,'2024-05-17 03:41:10',0,30,20),(906,1,2,'klklklj;;ljk',3,'2024-05-17 03:41:32',NULL,'2024-05-17 03:41:32',0,30,20),(907,5,12341123,'컨트님과 테스트하는방',3,'2024-05-17 04:02:25',NULL,'2024-05-17 04:02:25',0,40,30),(908,2,12341123,'컨트님과 테스트',3,'2024-05-17 04:12:59',NULL,'2024-05-17 04:12:59',0,30,20),(909,1,12341123,'컨트님과 테스트 2222222',3,'2024-05-17 04:13:36',NULL,'2024-05-17 04:13:36',0,30,20),(910,1,12341123,'컨트님과 테스트 333333',3,'2024-05-17 04:14:31',NULL,'2024-05-17 04:14:31',0,30,20),(911,1,2,'컨트님과 테스트 4444',3,'2024-05-17 04:16:37',NULL,'2024-05-17 04:16:37',0,30,20),(912,2,2,'컨트님과 테스트 55555',3,'2024-05-17 04:18:22',NULL,'2024-05-17 04:18:22',0,30,20),(913,2,7,'1111111',1,'2024-05-17 04:29:02',NULL,'2024-05-17 04:29:02',0,30,20),(914,5,2,'박근수와 함께 하는 방',3,'2024-05-17 04:31:22',NULL,'2024-05-17 04:31:22',0,30,20),(915,4,13,'컨이만든 방',3,'2024-05-17 04:31:34',NULL,'2024-05-17 04:31:34',0,30,20),(916,1,13,'12345',3,'2024-05-17 04:38:01',NULL,'2024-05-17 04:38:01',0,30,20),(917,4,13,'12345',3,'2024-05-17 04:38:09',NULL,'2024-05-17 04:38:09',0,30,20),(918,2,13,'12345',3,'2024-05-17 04:38:38',NULL,'2024-05-17 04:38:38',0,30,20),(919,4,13,' 동일인 2번 들어오기',3,'2024-05-17 04:42:56',NULL,'2024-05-17 04:42:56',0,30,20),(920,1,6,'고수만',3,'2024-05-17 04:43:39',NULL,'2024-05-17 04:43:39',0,30,20),(921,1,7,'11111',3,'2024-05-17 05:05:02',NULL,'2024-05-17 05:05:02',0,30,20),(922,2,7,'ㅁㄴㅇㅁㄴㅇ',3,'2024-05-17 05:19:13',NULL,'2024-05-17 05:19:13',0,30,20),(923,2,7,'ㅁㄴㅇㅁㄴㅇㅁㄴㅇ',3,'2024-05-17 05:19:28',NULL,'2024-05-17 05:19:28',0,30,20),(924,2,7,'11111111',3,'2024-05-17 05:23:41',NULL,'2024-05-17 05:23:41',0,30,20),(925,3,7,'테스트용 방생성',2,'2024-05-17 05:25:37',NULL,'2024-05-17 05:25:37',0,30,20),(926,2,7,'testtesttest',2,'2024-05-17 05:30:12',NULL,'2024-05-17 05:30:12',0,30,20),(927,1,7,'제발 돼줘',3,'2024-05-17 05:32:33',NULL,'2024-05-17 05:32:33',0,30,20),(928,1,7,'123123123',3,'2024-05-17 05:39:48',NULL,'2024-05-17 05:39:48',0,30,20),(929,1,6,'asdf',3,'2024-05-17 05:44:02',NULL,'2024-05-17 05:44:02',0,30,20),(930,2,6,'zzzzz',3,'2024-05-17 05:44:23',NULL,'2024-05-17 05:44:23',0,30,20),(931,2,7,'11111',1,'2024-05-17 05:45:57',NULL,'2024-05-17 05:45:57',0,30,20),(932,2,6,'asdfasdfasdfasdf',5,'2024-05-17 05:48:58',NULL,'2024-05-17 05:48:58',0,30,20),(933,2,7,'123123',3,'2024-05-17 06:00:12',NULL,'2024-05-17 06:00:12',0,30,20),(934,2,7,'1111111',3,'2024-05-17 06:19:01',NULL,'2024-05-17 06:19:01',0,30,20),(935,2,7,'1111111',3,'2024-05-17 06:37:48',NULL,'2024-05-17 06:37:48',0,30,20),(936,2,6,'djdjd',3,'2024-05-17 06:50:21',NULL,'2024-05-17 06:50:21',0,30,20),(937,2,7,'111',3,'2024-05-17 06:54:22',NULL,'2024-05-17 06:54:22',0,30,20),(938,2,2,'gsdgadsdgasdg',3,'2024-05-17 06:55:08',NULL,'2024-05-17 06:55:08',0,30,20),(939,1,6,'ㅗ오오초',3,'2024-05-17 06:57:36',NULL,'2024-05-17 06:57:36',0,30,20),(940,2,6,'ㅜㅜㅜㅗ',3,'2024-05-17 06:58:50',NULL,'2024-05-17 06:58:50',0,30,20),(941,2,6,'ㄱㄱㄱㄱㄱㄱ',3,'2024-05-17 07:01:19',NULL,'2024-05-17 07:01:19',0,30,20),(942,2,6,'ㅋㅋㅋㅋㅋㅋ',3,'2024-05-17 07:01:30',NULL,'2024-05-17 07:01:30',0,30,20),(943,1,7,'123123123141',3,'2024-05-17 07:01:38',NULL,'2024-05-17 07:01:38',0,30,20),(944,5,2,'맞다이로 들어와',3,'2024-05-17 07:03:06',NULL,'2024-05-17 07:03:06',0,40,30),(945,5,2,'이번엔 진짜 잘 되자',3,'2024-05-17 07:10:23',NULL,'2024-05-17 07:10:23',0,30,20),(946,1,7,'431413',3,'2024-05-17 07:15:03',NULL,'2024-05-17 07:15:03',0,30,20),(947,5,4,'ㅁㄷㅇㄴㄹ',3,'2024-05-17 07:23:04',NULL,'2024-05-17 07:23:04',0,30,20),(948,2,4,' ㅌ ㅅ ㅌ',3,'2024-05-17 07:24:32',NULL,'2024-05-17 07:24:32',0,30,20),(949,2,2,'이번엔 사고치지말자',3,'2024-05-17 07:40:38',NULL,'2024-05-17 07:40:38',0,30,20),(950,1,7,'12312312',3,'2024-05-17 07:45:13',NULL,'2024-05-17 07:45:13',0,30,20),(951,1,2,'ㅁㄴㅇㄹㅁㄴㅇㄹ',2,'2024-05-17 07:45:21',NULL,'2024-05-17 07:45:21',0,30,20),(952,1,7,'1231231',3,'2024-05-17 07:46:18',NULL,'2024-05-17 07:46:18',0,30,20),(953,2,7,'234234',3,'2024-05-17 07:46:23',NULL,'2024-05-17 07:46:23',0,30,20),(954,2,7,'324234',3,'2024-05-17 07:46:44',NULL,'2024-05-17 07:46:44',0,30,20),(955,2,7,'123123',3,'2024-05-17 07:47:19',NULL,'2024-05-17 07:47:19',0,30,20),(956,5,2,'다시만들게',2,'2024-05-17 07:48:18',NULL,'2024-05-17 07:48:18',0,30,20),(957,2,6,'ㅓㅗ허ㅗㅗㅎ',3,'2024-05-17 07:54:28',NULL,'2024-05-17 07:54:28',0,30,20),(958,5,4,'지도게임 초고수만 ㄱㄱ',3,'2024-05-17 08:07:18',NULL,'2024-05-17 08:07:18',0,30,20),(959,1,7,'1234',3,'2024-05-17 08:15:16',NULL,'2024-05-17 08:15:16',0,30,20),(960,1,7,'123123',3,'2024-05-17 08:15:57',NULL,'2024-05-17 08:15:57',0,30,20),(961,2,7,'123123',2,'2024-05-17 08:16:03',NULL,'2024-05-17 08:16:03',0,30,20),(962,5,2,'asdfasdf',3,'2024-05-17 08:19:42',NULL,'2024-05-17 08:19:42',0,30,20),(963,5,2,'ㄹㅁㄴㅇㄹ',1,'2024-05-17 08:22:11',NULL,'2024-05-17 08:22:11',0,30,20),(964,1,7,'4324234',3,'2024-05-17 08:23:25',NULL,'2024-05-17 08:23:25',0,30,20),(965,5,2,'ㅁㄴㅇㄹㅁㄴㅇㄹ',3,'2024-05-17 08:24:02',NULL,'2024-05-17 08:24:02',0,30,20),(966,1,4,'롹바이슨드러오바',3,'2024-05-17 08:34:44',NULL,'2024-05-17 08:34:44',0,30,20),(967,5,4,'롹바이슨 ㄱㄱ',3,'2024-05-17 08:35:00',NULL,'2024-05-17 08:35:00',0,30,20),(968,1,4,'드루앙',3,'2024-05-17 08:50:02',NULL,'2024-05-17 08:50:02',0,30,20),(969,2,7,'23424',2,'2024-05-17 08:50:12',NULL,'2024-05-17 08:50:12',0,30,20),(970,2,4,'ㄴㅇㄻㄴㅇㄹ',3,'2024-05-17 08:51:32',NULL,'2024-05-17 08:51:32',0,30,20),(971,2,5,'다이니 드루와',3,'2024-05-17 08:53:12',NULL,'2024-05-17 08:53:12',0,30,20),(972,5,4,'ㅁㄴㅇㄻㄴㅇㄻㄴㅇㄻㄴㅇㄻㄴㅇㄻㄴㅇㄻㅇ',3,'2024-05-17 08:54:00',NULL,'2024-05-17 08:54:00',0,30,20),(973,2,4,'ㅁㄴㅇㄻㄴㅇㄻㄴ',3,'2024-05-17 08:58:14',NULL,'2024-05-17 08:58:14',0,30,20),(974,2,5,'tt',3,'2024-05-17 08:59:00',NULL,'2024-05-17 08:59:00',0,30,20),(975,2,4,'asdfasdfasd',3,'2024-05-17 09:01:22',NULL,'2024-05-17 09:01:22',0,30,20),(976,2,7,'4645',3,'2024-05-17 09:02:40',NULL,'2024-05-17 09:02:40',0,30,20),(977,3,81,'xpdpdwkjfklwejf',3,'2024-05-17 09:07:36',NULL,'2024-05-17 09:07:36',0,30,20),(978,1,7,'234234234',2,'2024-05-17 09:11:10',NULL,'2024-05-17 09:11:10',0,30,20),(979,1,7,'123123',3,'2024-05-17 09:12:14',NULL,'2024-05-17 09:12:14',0,30,20),(980,2,81,'ㄹㄹ',3,'2024-05-17 09:18:56',NULL,'2024-05-17 09:18:56',0,30,20),(981,3,81,'ff',3,'2024-05-17 09:22:04',NULL,'2024-05-17 09:22:04',0,30,20),(982,2,7,'123123',3,'2024-05-17 09:23:19',NULL,'2024-05-17 09:23:19',0,30,20),(983,1,7,'423423',3,'2024-05-17 09:23:28',NULL,'2024-05-17 09:23:28',0,30,20),(984,3,81,'dd',3,'2024-05-17 09:24:07',NULL,'2024-05-17 09:24:07',0,30,20),(985,1,7,'111',3,'2024-05-17 09:26:07',NULL,'2024-05-17 09:26:07',0,30,20),(986,2,7,'123123',3,'2024-05-17 09:29:40',NULL,'2024-05-17 09:29:40',0,30,20),(987,3,7,'345345345',3,'2024-05-17 09:30:06',NULL,'2024-05-17 09:30:06',0,30,20),(988,2,7,'123123',3,'2024-05-17 09:34:14',NULL,'2024-05-17 09:34:14',0,30,20),(989,5,2,'방생성좀해주세요',3,'2024-05-17 09:38:18',NULL,'2024-05-17 09:38:18',0,30,20),(990,1,7,'234234',2,'2024-05-17 09:41:53',NULL,'2024-05-17 09:41:53',0,30,20),(991,3,5,'rrr',3,'2024-05-17 09:41:58',NULL,'2024-05-17 09:41:58',0,30,20),(992,4,5,'제로부터 시작하는',3,'2024-05-17 09:43:40',NULL,'2024-05-17 09:43:40',0,30,20),(993,1,7,'234234',3,'2024-05-17 09:44:19',NULL,'2024-05-17 09:44:19',0,30,20),(994,1,7,'123131',1,'2024-05-17 09:44:37',NULL,'2024-05-17 09:44:37',0,40,20),(995,2,7,'4234234',2,'2024-05-17 09:46:31',NULL,'2024-05-17 09:46:31',0,30,20),(996,2,4,'ㅁㄴㅇㄻㄴㅇㄹ',3,'2024-05-17 09:47:31',NULL,'2024-05-17 09:47:31',0,30,20),(997,5,2,'ㅈㅁㅇㄴ',3,'2024-05-17 09:48:01',NULL,'2024-05-17 09:48:01',0,30,20),(998,5,2,'갸아악',3,'2024-05-17 09:53:43',NULL,'2024-05-17 09:53:43',0,30,20),(999,2,7,'123123',3,'2024-05-17 09:54:48',NULL,'2024-05-17 09:54:48',0,30,20),(1000,1,7,'23123123',2,'2024-05-17 10:02:32',NULL,'2024-05-17 10:02:32',0,30,20),(1001,1,7,'1111',3,'2024-05-17 10:05:46',NULL,'2024-05-17 10:05:46',0,30,20),(1002,1,7,'12312313',3,'2024-05-17 10:14:26',NULL,'2024-05-17 10:14:26',0,30,20),(1003,1,7,'111123',3,'2024-05-17 10:25:03',NULL,'2024-05-17 10:25:03',0,30,20),(1004,1,7,'123123',3,'2024-05-17 10:26:35',NULL,'2024-05-17 10:26:35',0,30,20),(1005,1,7,'12313',3,'2024-05-17 10:27:03',NULL,'2024-05-17 10:27:03',0,30,20),(1006,1,7,'12313',3,'2024-05-17 10:27:12',NULL,'2024-05-17 10:27:12',0,30,20),(1007,1,7,'23423424',3,'2024-05-17 10:28:14',NULL,'2024-05-17 10:28:14',0,30,20),(1008,2,7,'123123123',3,'2024-05-17 11:00:10',NULL,'2024-05-17 11:00:10',0,30,20),(1009,5,2,'test',3,'2024-05-17 12:22:13',NULL,'2024-05-17 12:22:13',0,30,20),(1010,1,2,'방이이상해요',3,'2024-05-17 13:34:07',NULL,'2024-05-17 13:34:07',0,30,20),(1011,5,2,'선재가 들어와줬어요',3,'2024-05-17 13:34:50',NULL,'2024-05-17 13:34:50',0,50,30),(1012,5,2,'주희와선재가들어와줬어요',5,'2024-05-17 13:42:44',NULL,'2024-05-17 13:42:44',0,50,30),(1013,2,82,'ddddddd',3,'2024-05-17 13:45:13',NULL,'2024-05-17 13:45:13',0,30,20),(1014,2,2,'선재와주희가들어왔',5,'2024-05-17 13:51:29',NULL,'2024-05-17 13:51:29',0,30,20),(1015,2,6,'노목담',5,'2024-05-17 13:58:12',NULL,'2024-05-17 13:58:12',0,60,50),(1016,1,111,'선재업고튀어',3,'2024-05-17 13:59:44',NULL,'2024-05-17 13:59:44',0,30,20),(1017,1,111,'게임방',3,'2024-05-17 14:01:15',NULL,'2024-05-17 14:01:15',0,30,20),(1018,1,111,'아하',3,'2024-05-17 14:01:28',NULL,'2024-05-17 14:01:28',0,30,20),(1019,1,5,'ㅕㅕ',3,'2024-05-17 14:01:42',NULL,'2024-05-17 14:01:42',0,30,20),(1020,1,111,'방생성중인ㄷ[ㅔ',3,'2024-05-17 14:01:44',NULL,'2024-05-17 14:01:44',0,30,20),(1021,2,2,'박근수',3,'2024-05-17 14:01:53',NULL,'2024-05-17 14:01:53',0,30,20),(1022,1,111,'선재의 흔적',3,'2024-05-17 14:01:55',NULL,'2024-05-17 14:01:55',0,30,20),(1023,1,111,'흔적 남기는중',3,'2024-05-17 14:02:03',NULL,'2024-05-17 14:02:03',0,30,20),(1024,1,111,'만든 다음 나가기 하는중',3,'2024-05-17 14:02:18',NULL,'2024-05-17 14:02:18',0,30,20),(1025,1,4,'ㅁㄴㅇㄻㄴㅇㄻㄴㅇㄹ',3,'2024-05-17 14:02:29',NULL,'2024-05-17 14:02:29',0,30,20),(1026,1,112,'주희방',3,'2024-05-17 14:02:42',NULL,'2024-05-17 14:02:42',0,30,20),(1027,1,4,'내가만든방,선재위해구웟지.,.',3,'2024-05-17 14:02:44',NULL,'2024-05-17 14:02:44',0,30,20),(1028,2,2,'ㅎㄴㅇㄻㅇㄻㄴㅇㄹ',3,'2024-05-17 14:02:53',NULL,'2024-05-17 14:02:53',0,30,20),(1029,1,111,'내가만든 쿠키~',3,'2024-05-17 14:03:11',NULL,'2024-05-17 14:03:11',0,30,20),(1030,1,111,'너를 위해 구웠지',3,'2024-05-17 14:03:26',NULL,'2024-05-17 14:03:26',1,30,20),(1031,2,2,'ㅁㄴㅇㄹ',3,'2024-05-17 14:08:53',NULL,'2024-05-17 14:08:53',0,30,20),(1032,1,4,'ㅁㄴㅇㄹ',3,'2024-05-17 14:09:00',NULL,'2024-05-17 14:09:00',0,30,20),(1033,2,6,'노목담 전용',3,'2024-05-17 14:12:42',NULL,'2024-05-17 14:12:42',0,30,20),(1034,5,2,'ㅁㄴㅇㄻㄴㅇㄻㄴㅇㄹ',3,'2024-05-17 14:14:42',NULL,'2024-05-17 14:14:42',0,30,20),(1035,2,2,'방만듬',3,'2024-05-17 14:18:31',NULL,'2024-05-17 14:18:31',0,30,20),(1036,2,6,'노목담만',5,'2024-05-17 14:31:22',NULL,'2024-05-17 14:31:22',0,60,20),(1037,2,2,'ㅁㄴㅇㄻㄴㅇㄻㄴㅇㄹ',3,'2024-05-17 14:44:18',NULL,'2024-05-17 14:44:18',0,30,20),(1038,2,6,'노목담 전용',5,'2024-05-17 14:44:43',NULL,'2024-05-17 14:44:43',0,60,50),(1039,2,6,'노목담',5,'2024-05-17 14:56:10',NULL,'2024-05-17 14:56:10',0,30,20),(1040,2,6,'ㄴㅁㄷ',5,'2024-05-17 15:02:29',NULL,'2024-05-17 15:02:29',0,30,20),(1041,2,6,'ㅂㅈㄷㄱ',3,'2024-05-17 15:10:19',NULL,'2024-05-17 15:10:19',0,30,20),(1042,2,6,'ㅁㄴㅇㄻㄴㅇ',3,'2024-05-17 15:15:11',NULL,'2024-05-17 15:15:11',0,30,20),(1043,2,82,'ㅇㅇㅇㅇ',3,'2024-05-17 15:46:17',NULL,'2024-05-17 15:46:17',0,30,20),(1044,3,6,'ㄹㄹㄹㄹ',5,'2024-05-17 15:50:10',NULL,'2024-05-17 15:50:10',0,30,20),(1045,4,82,'ㅇㅇㅇㅇㅇㅇㅇ',3,'2024-05-17 15:56:09',NULL,'2024-05-17 15:56:09',0,30,20),(1046,5,82,'ㅇㅇㅇㅇㅇㅇ',3,'2024-05-17 16:02:42',NULL,'2024-05-17 16:02:42',0,30,20),(1047,3,6,'노목담',3,'2024-05-17 16:24:16',NULL,'2024-05-17 16:24:16',0,30,20),(1048,2,6,'ㅇㅋ',3,'2024-05-17 16:31:22',NULL,'2024-05-17 16:31:22',0,30,20),(1049,2,7,'123124',2,'2024-05-18 00:33:30',NULL,'2024-05-18 00:33:30',0,30,20),(1050,2,7,'123123',1,'2024-05-18 01:19:26',NULL,'2024-05-18 01:19:26',0,40,20),(1051,2,2,'test',3,'2024-05-18 01:44:25',NULL,'2024-05-18 01:44:25',0,30,20),(1052,5,2,'ggg',3,'2024-05-18 01:44:44',NULL,'2024-05-18 01:44:44',0,30,20),(1053,5,2,'etsa',3,'2024-05-18 02:10:27',NULL,'2024-05-18 02:10:27',0,30,20),(1054,2,81,'노목',5,'2024-05-18 02:57:28',NULL,'2024-05-18 02:57:28',0,30,20),(1055,3,81,'ㅇㅇㅇㅇㅇㅇ',3,'2024-05-18 03:03:44',NULL,'2024-05-18 03:03:44',0,30,20),(1056,4,81,'ddd',3,'2024-05-18 03:07:33',NULL,'2024-05-18 03:07:33',0,30,20),(1057,5,2,'test',3,'2024-05-18 03:10:30',NULL,'2024-05-18 03:10:30',0,30,20),(1058,3,81,'노목담',5,'2024-05-18 03:18:37',NULL,'2024-05-18 03:18:37',0,30,20),(1059,2,81,'노목담',3,'2024-05-18 03:25:01',NULL,'2024-05-18 03:25:01',0,30,20),(1060,3,81,'노목담만',3,'2024-05-18 03:32:10',NULL,'2024-05-18 03:32:10',0,30,20),(1061,3,81,'노목담만',5,'2024-05-18 03:38:36',NULL,'2024-05-18 03:38:36',0,30,20),(1062,2,6,'노목담',5,'2024-05-18 03:39:07',NULL,'2024-05-18 03:39:07',0,30,20),(1063,2,81,'ㄴㅇㅁ',5,'2024-05-18 03:46:47',NULL,'2024-05-18 03:46:47',0,30,20),(1064,2,6,'노목담',5,'2024-05-18 03:58:22',NULL,'2024-05-18 03:58:22',0,30,20),(1065,5,6,'zzz',3,'2024-05-18 04:05:03',NULL,'2024-05-18 04:05:03',0,30,20),(1066,5,6,'ddddd',5,'2024-05-18 04:14:25',NULL,'2024-05-18 04:14:25',0,30,20),(1067,2,5,'ㄱㄱ',3,'2024-05-18 05:03:46',NULL,'2024-05-18 05:03:46',0,30,20),(1068,5,2,'asdfasdf',3,'2024-05-18 05:20:39',NULL,'2024-05-18 05:20:39',0,30,20),(1069,1,4,'ㄴㅁㅇㅎ',3,'2024-05-18 05:21:48',NULL,'2024-05-18 05:21:48',0,30,20),(1070,1,4,'원래잘돼ㅣㅅ잔아왜이래',3,'2024-05-18 05:22:50',NULL,'2024-05-18 05:22:50',0,30,20),(1071,5,4,'ㅁㄴㅇㄹ',3,'2024-05-18 05:23:57',NULL,'2024-05-18 05:23:57',0,30,20),(1072,5,2,'ㅅㄷㄴㅅ',3,'2024-05-18 05:23:57',NULL,'2024-05-18 05:23:57',0,30,20),(1073,1,5,'ㄱㄱ',3,'2024-05-18 05:25:20',NULL,'2024-05-18 05:25:20',0,30,20),(1074,5,82,'???',3,'2024-05-18 05:31:25',NULL,'2024-05-18 05:31:25',0,30,20),(1075,5,81,'흠흠',3,'2024-05-18 05:35:29',NULL,'2024-05-18 05:35:29',0,30,20),(1076,2,110,'노목담',5,'2024-05-18 05:36:10',NULL,'2024-05-18 05:36:10',0,30,20),(1077,1,4,'ㅁㄴㅇㄹ',3,'2024-05-18 05:49:16',NULL,'2024-05-18 05:49:16',0,30,20),(1078,2,4,'ㅁㄴㅇㄻㄴㅇㄹ',3,'2024-05-18 05:49:20',NULL,'2024-05-18 05:49:20',0,30,20),(1079,2,4,'ㅁㅇ',3,'2024-05-18 05:49:24',NULL,'2024-05-18 05:49:24',0,30,20),(1080,5,2,'방만들어주세요',3,'2024-05-18 06:02:07',NULL,'2024-05-18 06:02:07',0,30,20),(1081,2,2,'한국테마에서 같이 게임해요!',3,'2024-05-18 06:31:25',NULL,'2024-05-18 06:31:25',0,30,30),(1082,2,2,'한국 테마로 같이 즐겨요',3,'2024-05-18 06:33:34',NULL,'2024-05-18 06:33:34',0,30,20),(1083,3,2,'그리스의 유물찾기',3,'2024-05-18 06:38:35',NULL,'2024-05-18 06:38:35',0,30,20),(1084,4,2,'태양신 라가 부릅니다 피라',3,'2024-05-18 06:44:00',NULL,'2024-05-18 06:44:00',0,50,20),(1085,5,2,'세계여행 많이 다닌 사람 들어와',3,'2024-05-18 06:50:44',NULL,'2024-05-18 06:50:44',0,30,20),(1086,5,4,'ㄱ',5,'2024-05-18 06:55:56',NULL,'2024-05-18 06:55:56',0,30,20),(1087,5,2,'랜드마크 좀 아세요? 나만큼은 아닐껄',3,'2024-05-18 06:55:56',NULL,'2024-05-18 06:55:56',0,30,20),(1088,2,6,'한국 지도 전문가 들어와~',3,'2024-05-18 08:46:43',NULL,'2024-05-18 08:46:43',0,30,20),(1089,2,6,'지도 게임 할 사람!',5,'2024-05-18 08:48:33',NULL,'2024-05-18 08:48:33',0,50,40),(1090,2,6,'지도 게임 할 사람!',5,'2024-05-18 08:59:51',NULL,'2024-05-18 08:59:51',0,30,20),(1091,1,7,'123123',1,'2024-05-18 09:30:36',NULL,'2024-05-18 09:30:36',0,30,20),(1092,1,7,'111',1,'2024-05-18 09:35:12',NULL,'2024-05-18 09:35:12',0,30,20),(1093,2,6,'ddddd',3,'2024-05-18 09:39:52',NULL,'2024-05-18 09:39:52',0,30,20),(1094,2,6,'ddddd',1,'2024-05-18 10:17:33',NULL,'2024-05-18 10:17:33',0,30,20),(1095,2,7,'111',1,'2024-05-18 10:24:12',NULL,'2024-05-18 10:24:12',0,30,20),(1096,2,6,'ddddddd',5,'2024-05-18 10:36:36',NULL,'2024-05-18 10:36:36',0,30,20),(1097,1,7,'111',1,'2024-05-18 10:37:56',NULL,'2024-05-18 10:37:56',0,30,20),(1098,1,7,'111',1,'2024-05-18 10:38:11',NULL,'2024-05-18 10:38:11',0,30,20),(1099,2,7,'1111',3,'2024-05-18 11:01:23',NULL,'2024-05-18 11:01:23',0,30,20),(1100,2,7,'111',1,'2024-05-18 11:37:03',NULL,'2024-05-18 11:37:03',0,30,20),(1101,3,7,'123131',2,'2024-05-18 11:58:57',NULL,'2024-05-18 11:58:57',0,30,20),(1102,2,4,'ㄹ호',3,'2024-05-18 12:10:47',NULL,'2024-05-18 12:10:47',0,30,20),(1103,2,7,'123123',1,'2024-05-18 12:13:01',NULL,'2024-05-18 12:13:01',0,30,20),(1104,5,4,'오;',5,'2024-05-18 12:13:17',NULL,'2024-05-18 12:13:17',0,30,20),(1105,2,7,'24234',1,'2024-05-18 12:14:23',NULL,'2024-05-18 12:14:23',0,30,20),(1106,1,5,'ksy',3,'2024-05-18 12:19:34',NULL,'2024-05-18 12:19:34',0,30,20),(1107,1,7,'123',1,'2024-05-18 12:23:35',NULL,'2024-05-18 12:23:35',0,30,20),(1108,2,7,'1111',1,'2024-05-18 12:47:36',NULL,'2024-05-18 12:47:36',0,30,20),(1109,2,12341123,'어서오고',3,'2024-05-18 12:51:38',NULL,'2024-05-18 12:51:38',0,30,15),(1110,2,12341123,'어서오고',3,'2024-05-18 12:52:20',NULL,'2024-05-18 12:52:20',0,30,15),(1111,2,7,'11111',1,'2024-05-18 12:53:09',NULL,'2024-05-18 12:53:09',0,30,20),(1112,3,5,'ksy',3,'2024-05-18 12:57:30',NULL,'2024-05-18 12:57:30',0,30,20),(1113,2,7,'123',1,'2024-05-18 12:57:40',NULL,'2024-05-18 12:57:40',0,30,20),(1114,1,5,'ㄷㅍㅈㄷㄹㅍㅈㄷ',3,'2024-05-18 12:58:02',NULL,'2024-05-18 12:58:02',0,30,20),(1115,1,5,'ㄹㄹㄹㄹㄹ',3,'2024-05-18 12:58:17',NULL,'2024-05-18 12:58:17',0,30,20),(1116,3,7,'1111',1,'2024-05-18 12:59:04',NULL,'2024-05-18 12:59:04',0,30,20),(1117,1,5,'확인',3,'2024-05-18 13:00:47',NULL,'2024-05-18 13:00:47',0,30,20),(1118,1,5,'다이니 찾아요',3,'2024-05-18 13:02:49',NULL,'2024-05-18 13:02:49',0,30,20),(1119,2,4,'고죠사토루들어와',3,'2024-05-18 13:02:55',NULL,'2024-05-18 13:02:55',0,30,20),(1120,2,4,'방터졌다 비상',3,'2024-05-18 13:04:54',NULL,'2024-05-18 13:04:54',0,30,20),(1121,1,5,'ㅅㅅ',3,'2024-05-18 13:13:21',NULL,'2024-05-18 13:13:21',0,30,20),(1122,1,82,'ㅈㅎㅈㄷㄹㅈ',3,'2024-05-18 13:14:36',NULL,'2024-05-18 13:14:36',0,30,20),(1123,2,12341123,'어서오고',3,'2024-05-18 13:18:37',NULL,'2024-05-18 13:18:37',0,30,15),(1124,2,12341123,'어서오고',3,'2024-05-18 13:19:01',NULL,'2024-05-18 13:19:01',0,30,15),(1125,2,4,'방장변경 테스트',3,'2024-05-18 13:28:48',NULL,'2024-05-18 13:28:48',0,30,20),(1126,2,6,'노목담',3,'2024-05-18 13:42:52',NULL,'2024-05-18 13:42:52',0,30,20),(1127,5,2,'asdf',1,'2024-05-18 14:55:07',NULL,'2024-05-18 14:55:07',0,30,20),(1128,1,2,'박근수방금 들어옴',3,'2024-05-18 14:57:52',NULL,'2024-05-18 14:57:52',0,30,20),(1129,5,2,'박근수가 다시 만든 방',3,'2024-05-18 14:59:24',NULL,'2024-05-18 14:59:24',0,30,20),(1130,5,4,'ㄱㄱㄱㄱㄱ',2,'2024-05-18 15:08:17',NULL,'2024-05-18 15:08:17',0,30,20),(1131,2,2,'맞다이로 들어오세요.',3,'2024-05-18 15:13:14',NULL,'2024-05-18 15:13:14',0,30,20),(1132,2,2,'맞다이로 들어오세요.',3,'2024-05-18 15:23:05',NULL,'2024-05-18 15:23:05',0,30,20),(1133,2,2,'맞다이로 들어오세요',3,'2024-05-18 15:25:11',NULL,'2024-05-18 15:25:11',0,30,20),(1134,2,2,'ㅅㄷㄴㅅ',2,'2024-05-18 15:46:36','2024-05-18 15:46:41','2024-05-18 15:46:41',0,30,20),(1135,2,2,'g',3,'2024-05-18 15:48:21','2024-05-18 15:48:22','2024-05-18 15:48:22',0,30,20),(1136,2,84,'g',3,'2024-05-18 15:48:44','2024-05-18 15:48:45','2024-05-18 15:48:45',0,30,20),(1137,2,2,'098',3,'2024-05-18 15:49:17','2024-05-18 15:49:18','2024-05-18 15:49:18',0,30,20),(1138,1,82,'test',2,'2024-05-18 15:49:48','2024-05-18 15:49:49','2024-05-18 15:49:49',0,30,20),(1139,2,83,'test',2,'2024-05-18 15:50:07','2024-05-18 15:50:10','2024-05-18 15:50:10',0,30,20),(1140,2,2,'맞다이로 들어오세요',3,'2024-05-18 15:58:32','2024-05-18 15:59:53','2024-05-18 15:59:53',0,30,20);
/*!40000 ALTER TABLE `game` ENABLE KEYS */;
UNLOCK TABLES;

--
-- Table structure for table `game-question`
--

DROP TABLE IF EXISTS `game-question`;
/*!40101 SET @saved_cs_client     = @@character_set_client */;
/*!50503 SET character_set_client = utf8mb4 */;
CREATE TABLE `game-question` (
  `game_question_id` int NOT NULL AUTO_INCREMENT,
  `game_id` int NOT NULL,
  `question_id` int NOT NULL,
  `round_number` int NOT NULL,
  `created_date` timestamp NULL DEFAULT NULL,
  PRIMARY KEY (`game_question_id`)
) ENGINE=InnoDB AUTO_INCREMENT=19 DEFAULT CHARSET=utf8mb4 COLLATE=utf8mb4_unicode_ci;
/*!40101 SET character_set_client = @saved_cs_client */;

--
-- Dumping data for table `game-question`
--

LOCK TABLES `game-question` WRITE;
/*!40000 ALTER TABLE `game-question` DISABLE KEYS */;
INSERT INTO `game-question` VALUES (1,1,1,1,'2024-04-30 15:00:00'),(2,1,2,2,'2024-04-30 15:00:00'),(3,1,3,3,'2024-04-30 15:00:00'),(4,2,2,1,'2024-04-30 15:00:00'),(5,2,3,2,'2024-04-30 15:00:00'),(6,2,4,3,'2024-04-30 15:00:00'),(7,3,3,1,'2024-04-30 15:00:00'),(8,3,4,2,'2024-04-30 15:00:00'),(9,3,5,3,'2024-04-30 15:00:00'),(10,1134,8,1,'2024-05-18 15:46:41'),(11,1134,13,2,'2024-05-18 15:46:41'),(12,1138,41,1,'2024-05-18 15:49:49'),(13,1138,45,2,'2024-05-18 15:49:49'),(14,1139,13,1,'2024-05-18 15:50:10'),(15,1139,8,2,'2024-05-18 15:50:10'),(16,1140,6,1,'2024-05-18 15:59:53'),(17,1140,17,2,'2024-05-18 15:59:53'),(18,1140,10,3,'2024-05-18 15:59:53');
/*!40000 ALTER TABLE `game-question` ENABLE KEYS */;
UNLOCK TABLES;

--
-- Table structure for table `gamer`
--

DROP TABLE IF EXISTS `gamer`;
/*!40101 SET @saved_cs_client     = @@character_set_client */;
/*!50503 SET character_set_client = utf8mb4 */;
CREATE TABLE `gamer` (
  `gamer_id` int NOT NULL AUTO_INCREMENT,
  `is_deleted` bit(1) DEFAULT NULL,
  `provider_id` bigint DEFAULT NULL,
  `email` varchar(255) COLLATE utf8mb4_unicode_ci DEFAULT NULL,
  `image_url` varchar(255) COLLATE utf8mb4_unicode_ci DEFAULT NULL,
  `nickname` varchar(255) COLLATE utf8mb4_unicode_ci DEFAULT NULL,
  `oauth_provider` tinyint DEFAULT NULL,
  `provider` varchar(255) COLLATE utf8mb4_unicode_ci DEFAULT NULL,
  `provider_nickname` varchar(255) COLLATE utf8mb4_unicode_ci DEFAULT NULL,
  `created_date` datetime(6) DEFAULT NULL,
  `updated_date` datetime(6) DEFAULT NULL,
  PRIMARY KEY (`gamer_id`)
) ENGINE=InnoDB AUTO_INCREMENT=114 DEFAULT CHARSET=utf8mb4 COLLATE=utf8mb4_unicode_ci;
/*!40101 SET character_set_client = @saved_cs_client */;

--
-- Dumping data for table `gamer`
--

LOCK TABLES `gamer` WRITE;
/*!40000 ALTER TABLE `gamer` DISABLE KEYS */;
INSERT INTO `gamer` VALUES (2,_binary '\0',3457933891,NULL,'hello/hello','A701_PINN',0,NULL,'박근수',NULL,NULL),(3,_binary '\0',3459694783,NULL,'hello/hello','해피 \'0\'',0,NULL,'?',NULL,NULL),(4,_binary '\0',3464592490,NULL,'hello/hello','웩치와레 \'ㅠ`',0,NULL,'김다인',NULL,NULL),(5,_binary '\0',3464688508,NULL,'hello/hello','고죠 사토루',0,NULL,'김신영',NULL,NULL),(6,_binary '\0',3464689948,NULL,'hello/hello','노란목도리담비',0,NULL,'김지용',NULL,NULL),(7,_binary '\0',3464691191,NULL,'hello/hello','Domynice',0,NULL,'진창현',NULL,NULL),(8,_binary '\0',3468450353,NULL,'hello/hello','답답한 노트북 4318',0,NULL,'고정원',NULL,NULL),(9,_binary '\0',3471340981,NULL,'hello/hello','Mad Jenkins',0,NULL,'이준범',NULL,NULL),(10,_binary '\0',3471341958,NULL,'hello/hello','낮은 구두 703',0,NULL,'서재화',NULL,NULL),(11,_binary '\0',3475704613,NULL,'hello/hello','보경코치',0,NULL,'김보경',NULL,NULL),(12,_binary '\0',3481406966,NULL,'hello/hello','여뉴',0,NULL,'유연정',NULL,NULL),(13,_binary '\0',3481409829,NULL,'hello/hello','강컨',0,NULL,'강시몬',NULL,NULL),(14,_binary '\0',3481449896,NULL,'hello/hello','둥근 스카프 2054',0,NULL,'최웅렬',NULL,NULL),(15,_binary '\0',3481481642,NULL,'hello/hello','대단한 동전 811',0,NULL,'김상혁',NULL,NULL),(16,_binary '\0',3483040578,NULL,'hello/hello','당당한 호수 9840',0,NULL,'차다훈',NULL,NULL),(81,_binary '\0',1,NULL,'hello/hello','긍정적인 붓 7328',0,NULL,'개발자_1',NULL,NULL),(82,_binary '\0',2,NULL,'hello/hello','화목한 편지 1683',0,NULL,'개발자_2',NULL,NULL),(83,_binary '\0',3,NULL,'hello/hello','덥고 습한 스캐너 4810',0,NULL,'개발자_3',NULL,NULL),(84,_binary '\0',4,NULL,'hello/hello','착한 사과 2002',0,NULL,'개발자_4',NULL,NULL),(85,_binary '\0',5,NULL,'hello/hello','깨끗한 우표 7500',0,NULL,'개발자_5',NULL,NULL),(86,_binary '\0',6,NULL,'hello/hello','사랑스러운 사진 3288',0,NULL,'개발자_6',NULL,NULL),(87,_binary '\0',7,NULL,'hello/hello','용감한 창문 812',0,NULL,'개발자_7',NULL,NULL),(88,_binary '\0',8,NULL,'hello/hello','귀여운 자동차 2082',0,NULL,'개발자_8',NULL,NULL),(89,_binary '\0',9,NULL,'hello/hello','진취적인 지구본 7097',0,NULL,'개발자_9',NULL,NULL),(90,_binary '\0',10,NULL,'hello/hello','놀라운 수건 5815',0,NULL,'개발자_10',NULL,NULL),(91,_binary '\0',11,NULL,'hello/hello','긍정적인 병아리 5150',0,NULL,'개발자_11',NULL,NULL),(92,_binary '\0',12,NULL,'hello/hello','고마운 온도계 6521',0,NULL,'개발자_12',NULL,NULL),(93,_binary '\0',13,NULL,'hello/hello','기쁜 새 6406',0,NULL,'개발자_13',NULL,NULL),(94,_binary '\0',14,NULL,'hello/hello','편안한 모형 6659',0,NULL,'개발자_14',NULL,NULL),(95,_binary '\0',15,NULL,'hello/hello','답답한 명함 3938',0,NULL,'개발자_15',NULL,NULL),(96,_binary '\0',16,NULL,'hello/hello','착한 숟가락 9033',0,NULL,'개발자_16',NULL,NULL),(97,_binary '\0',17,NULL,'hello/hello','다정한 현미경 1367',0,NULL,'개발자_17',NULL,NULL),(98,_binary '\0',18,NULL,'hello/hello','정직한 일기 9251',0,NULL,'개발자_18',NULL,NULL),(99,_binary '\0',19,NULL,'hello/hello','銀時',0,NULL,'개발자_19',NULL,NULL),(100,_binary '\0',20,NULL,'hello/hello','행복한 열쇠 3530',0,NULL,'개발자_20',NULL,NULL),(101,_binary '\0',21,NULL,'hello/hello','멋진 강 2614',0,NULL,'개발자_21',NULL,NULL),(102,_binary '\0',22,NULL,'hello/hello','다양한 동전 5443',0,NULL,'개발자_22',NULL,NULL),(103,_binary '\0',23,NULL,'hello/hello','풍성한 우표 6412',0,NULL,'개발자_23',NULL,NULL),(104,_binary '\0',24,NULL,'hello/hello','화목한 사진 1598',0,NULL,'개발자_24',NULL,NULL),(105,_binary '\0',25,NULL,'hello/hello','넓은 책 7621',0,NULL,'개발자_25',NULL,NULL),(106,_binary '\0',26,NULL,'hello/hello','실력 있는 모자 8682',0,NULL,'개발자_26',NULL,NULL),(107,_binary '\0',27,NULL,'hello/hello','고요한 선물 6180',0,NULL,'개발자_27',NULL,NULL),(108,_binary '\0',28,NULL,'hello/hello','파란목도리담비',0,NULL,'개발자_28',NULL,NULL),(109,_binary '\0',29,NULL,'hello/hello','핀찍기중독자',0,NULL,'개발자_29',NULL,NULL),(110,_binary '\0',30,NULL,'hello/hello','지도게임매니아',0,NULL,'개발자_30',NULL,NULL),(111,_binary '\0',3486501100,NULL,'hello/hello','선재',0,NULL,'이선재',NULL,NULL),(112,_binary '\0',3486501684,NULL,'hello/hello','긍정적인 포크 735',0,NULL,'이주희',NULL,NULL),(113,_binary '\0',3486583368,NULL,'hello/hello','원만한 연극 6746',0,NULL,'박정규',NULL,NULL);
/*!40000 ALTER TABLE `gamer` ENABLE KEYS */;
UNLOCK TABLES;

--
-- Table structure for table `gamer_log`
--

DROP TABLE IF EXISTS `gamer_log`;
/*!40101 SET @saved_cs_client     = @@character_set_client */;
/*!50503 SET character_set_client = utf8mb4 */;
CREATE TABLE `gamer_log` (
  `gamer_log_id` bigint NOT NULL AUTO_INCREMENT,
  `gamer_id` int NOT NULL,
  `game_id` int NOT NULL,
  `team_id` int DEFAULT NULL,
  `rank` int DEFAULT NULL,
  `team_color` varchar(10) COLLATE utf8mb4_unicode_ci DEFAULT NULL,
  `is_room_leader` int NOT NULL,
  `is_team_leader` int NOT NULL,
  `created_date` timestamp NULL DEFAULT NULL,
  `updated_date` timestamp NULL DEFAULT NULL,
  PRIMARY KEY (`gamer_log_id`)
) ENGINE=InnoDB DEFAULT CHARSET=utf8mb4 COLLATE=utf8mb4_unicode_ci;
/*!40101 SET character_set_client = @saved_cs_client */;

--
-- Dumping data for table `gamer_log`
--

LOCK TABLES `gamer_log` WRITE;
/*!40000 ALTER TABLE `gamer_log` DISABLE KEYS */;
/*!40000 ALTER TABLE `gamer_log` ENABLE KEYS */;
UNLOCK TABLES;

--
-- Table structure for table `gamer_redisdto`
--

DROP TABLE IF EXISTS `gamer_redisdto`;
/*!40101 SET @saved_cs_client     = @@character_set_client */;
/*!50503 SET character_set_client = utf8mb4 */;
CREATE TABLE `gamer_redisdto` (
  `id` bigint NOT NULL,
  `gamer_id` int NOT NULL,
  `refresh_token` varchar(255) COLLATE utf8mb4_unicode_ci DEFAULT NULL,
  PRIMARY KEY (`id`)
) ENGINE=InnoDB DEFAULT CHARSET=utf8mb4 COLLATE=utf8mb4_unicode_ci;
/*!40101 SET character_set_client = @saved_cs_client */;

--
-- Dumping data for table `gamer_redisdto`
--

LOCK TABLES `gamer_redisdto` WRITE;
/*!40000 ALTER TABLE `gamer_redisdto` DISABLE KEYS */;
/*!40000 ALTER TABLE `gamer_redisdto` ENABLE KEYS */;
UNLOCK TABLES;

--
-- Table structure for table `gamer_redisdto_seq`
--

DROP TABLE IF EXISTS `gamer_redisdto_seq`;
/*!40101 SET @saved_cs_client     = @@character_set_client */;
/*!50503 SET character_set_client = utf8mb4 */;
CREATE TABLE `gamer_redisdto_seq` (
  `next_val` bigint DEFAULT NULL
) ENGINE=InnoDB DEFAULT CHARSET=utf8mb4 COLLATE=utf8mb4_unicode_ci;
/*!40101 SET character_set_client = @saved_cs_client */;

--
-- Dumping data for table `gamer_redisdto_seq`
--

LOCK TABLES `gamer_redisdto_seq` WRITE;
/*!40000 ALTER TABLE `gamer_redisdto_seq` DISABLE KEYS */;
INSERT INTO `gamer_redisdto_seq` VALUES (1);
/*!40000 ALTER TABLE `gamer_redisdto_seq` ENABLE KEYS */;
UNLOCK TABLES;

--
-- Table structure for table `gamer_status`
--

DROP TABLE IF EXISTS `gamer_status`;
/*!40101 SET @saved_cs_client     = @@character_set_client */;
/*!50503 SET character_set_client = utf8mb4 */;
CREATE TABLE `gamer_status` (
  `gamer_id` int NOT NULL AUTO_INCREMENT,
  `play_count` int DEFAULT '0',
  `win_count` int DEFAULT '0',
  `created_date` datetime(6) DEFAULT NULL,
  `updated_date` datetime(6) DEFAULT NULL,
  PRIMARY KEY (`gamer_id`)
) ENGINE=InnoDB DEFAULT CHARSET=utf8mb4 COLLATE=utf8mb4_unicode_ci;
/*!40101 SET character_set_client = @saved_cs_client */;

--
-- Dumping data for table `gamer_status`
--

LOCK TABLES `gamer_status` WRITE;
/*!40000 ALTER TABLE `gamer_status` DISABLE KEYS */;
/*!40000 ALTER TABLE `gamer_status` ENABLE KEYS */;
UNLOCK TABLES;

--
-- Table structure for table `gamerdto`
--

DROP TABLE IF EXISTS `gamerdto`;
/*!40101 SET @saved_cs_client     = @@character_set_client */;
/*!50503 SET character_set_client = utf8mb4 */;
CREATE TABLE `gamerdto` (
  `is_deleted` bit(1) DEFAULT NULL,
  `member_id` int NOT NULL AUTO_INCREMENT,
  `email` varchar(255) COLLATE utf8mb4_unicode_ci DEFAULT NULL,
  `image_url` varchar(255) COLLATE utf8mb4_unicode_ci DEFAULT NULL,
  `nickname` varchar(255) COLLATE utf8mb4_unicode_ci DEFAULT NULL,
  `oauth_provider` varchar(255) COLLATE utf8mb4_unicode_ci DEFAULT NULL,
  PRIMARY KEY (`member_id`)
) ENGINE=InnoDB DEFAULT CHARSET=utf8mb4 COLLATE=utf8mb4_unicode_ci;
/*!40101 SET character_set_client = @saved_cs_client */;

--
-- Dumping data for table `gamerdto`
--

LOCK TABLES `gamerdto` WRITE;
/*!40000 ALTER TABLE `gamerdto` DISABLE KEYS */;
/*!40000 ALTER TABLE `gamerdto` ENABLE KEYS */;
UNLOCK TABLES;

--
-- Table structure for table `hint`
--

DROP TABLE IF EXISTS `hint`;
/*!40101 SET @saved_cs_client     = @@character_set_client */;
/*!50503 SET character_set_client = utf8mb4 */;
CREATE TABLE `hint` (
  `hint_id` int NOT NULL AUTO_INCREMENT,
  `question_id` int NOT NULL,
  `hint_type_id` int NOT NULL,
  `hint_value` varchar(100) COLLATE utf8mb4_unicode_ci DEFAULT NULL,
  `offer_stage` int NOT NULL,
  `created_date` timestamp NULL DEFAULT NULL,
  `updated_date` timestamp NULL DEFAULT NULL,
  `used` int DEFAULT '1',
  PRIMARY KEY (`hint_id`)
) ENGINE=InnoDB AUTO_INCREMENT=467 DEFAULT CHARSET=utf8mb4 COLLATE=utf8mb4_unicode_ci;
/*!40101 SET character_set_client = @saved_cs_client */;

--
-- Dumping data for table `hint`
--

LOCK TABLES `hint` WRITE;
/*!40000 ALTER TABLE `hint` DISABLE KEYS */;
INSERT INTO `hint` VALUES (26,1,1,'와인',1,'2024-05-16 15:17:21','2024-05-16 15:17:21',1),(27,2,1,'자수류',1,'2024-05-16 15:17:21','2024-05-16 15:17:21',1),(28,3,1,'연방주',1,'2024-05-16 15:17:21','2024-05-16 15:17:21',1),(29,4,1,'마쵸',1,'2024-05-16 15:17:21','2024-05-16 15:17:21',1),(30,5,1,'타임즈 매거진',1,'2024-05-16 15:17:21','2024-05-16 15:17:21',1),(31,6,1,'왕',1,'2024-05-16 15:17:21','2024-05-16 15:17:21',1),(32,7,1,'인삼',1,'2024-05-16 15:17:21','2024-05-16 15:17:21',1),(33,8,1,'유리',1,'2024-05-16 15:17:21','2024-05-16 15:17:21',1),(34,9,1,'감귤',1,'2024-05-16 15:17:21','2024-05-16 15:17:21',1),(35,10,1,'강철',1,'2024-05-16 15:17:21','2024-05-16 15:17:21',1),(36,11,1,'연어',1,'2024-05-16 15:17:21','2024-05-16 15:17:21',1),(37,12,1,'감자',1,'2024-05-16 15:17:21','2024-05-16 15:17:21',1),(38,13,1,'모자이크',1,'2024-05-16 15:17:21','2024-05-16 15:17:21',1),(39,14,1,'천연가스',1,'2024-05-16 15:17:21','2024-05-16 15:17:21',1),(40,15,1,'낙화암',1,'2024-05-16 15:17:21','2024-05-16 15:17:21',1),(41,16,1,'호박',1,'2024-05-16 15:17:21','2024-05-16 15:17:21',1),(42,17,1,'미역',1,'2024-05-16 15:17:21','2024-05-16 15:17:21',1),(43,18,1,'오징어',1,'2024-05-16 15:17:21','2024-05-16 15:17:21',1),(45,37,1,'마블',1,'2024-05-16 15:17:21','2024-05-16 15:17:21',1),(46,38,1,'벽화',1,'2024-05-16 15:17:21','2024-05-16 15:17:21',1),(47,39,1,'사무라이',1,'2024-05-16 15:17:21','2024-05-16 15:17:21',1),(48,40,1,'신부',1,'2024-05-16 15:17:21','2024-05-16 15:17:21',1),(49,41,1,'가드',1,'2024-05-16 15:17:21','2024-05-16 15:17:21',1),(50,42,1,'소련',1,'2024-05-16 15:17:21','2024-05-16 15:17:21',1),(51,43,1,'포카',1,'2024-05-16 15:17:21','2024-05-16 15:17:21',1),(52,44,1,'타파스',1,'2024-05-16 15:17:21','2024-05-16 15:17:21',1),(53,45,1,'고대 도시',1,'2024-05-16 15:17:21','2024-05-16 15:17:21',1),(54,46,1,'후아란',1,'2024-05-16 15:17:21','2024-05-16 15:17:21',1),(55,47,1,'대통령',1,'2024-05-16 15:17:21','2024-05-16 15:17:21',1),(56,48,1,'금문',1,'2024-05-16 15:17:21','2024-05-16 15:17:21',1),(57,49,1,'별의 샘',1,'2024-05-16 15:17:21','2024-05-16 15:17:21',1),(58,50,1,'안개 자국',1,'2024-05-16 15:17:21','2024-05-16 15:17:21',1),(59,51,1,'십자가',1,'2024-05-16 15:17:21','2024-05-16 15:17:21',1),(60,52,1,'토끼',1,'2024-05-16 15:17:21','2024-05-16 15:17:21',1),(61,53,1,'짐승',1,'2024-05-16 15:17:21','2024-05-16 15:17:21',1),(62,54,1,'원형 경기장',1,'2024-05-16 15:17:21','2024-05-16 15:17:21',1),(63,55,1,'구르게',1,'2024-05-16 15:17:21','2024-05-16 15:17:21',1),(64,56,1,'소형 바이크',1,'2024-05-16 15:17:21','2024-05-16 15:17:21',1),(65,57,1,'신도',1,'2024-05-16 15:17:21','2024-05-16 15:17:21',1),(66,58,1,'리돌스',1,'2024-05-16 15:17:21','2024-05-16 15:17:21',1),(67,59,1,'뼈',1,'2024-05-16 15:17:21','2024-05-16 15:17:21',1),(68,60,1,'그릇',1,'2024-05-16 15:17:21','2024-05-16 15:17:21',1),(69,61,1,'문명',1,'2024-05-16 15:17:21','2024-05-16 15:17:21',1),(70,62,1,'교회',1,'2024-05-16 15:17:21','2024-05-16 15:17:21',1),(71,63,1,'곰돌이',1,'2024-05-16 15:17:21','2024-05-16 15:17:21',1),(72,64,1,'벽돌',1,'2024-05-16 15:17:21','2024-05-16 15:17:21',1),(73,65,1,'닌자',1,'2024-05-16 15:17:21','2024-05-16 15:17:21',1),(74,66,1,'모자',1,'2024-05-16 15:17:21','2024-05-16 15:17:21',1),(75,67,1,'상인',1,'2024-05-16 15:17:21','2024-05-16 15:17:21',1),(76,68,1,'무라',1,'2024-05-16 15:17:21','2024-05-16 15:17:21',1),(77,69,1,'절벽',1,'2024-05-16 15:17:21','2024-05-16 15:17:21',1),(78,70,1,'여우',1,'2024-05-16 15:17:21','2024-05-16 15:17:21',1),(79,71,1,'여관',1,'2024-05-16 15:17:21','2024-05-16 15:17:21',1),(80,72,1,'떡',1,'2024-05-16 15:17:21','2024-05-16 15:17:21',1),(81,73,1,'살인',1,'2024-05-16 15:17:21','2024-05-16 15:17:21',1),(82,74,1,'양호',1,'2024-05-16 15:17:21','2024-05-16 15:17:21',1),(83,75,1,'양호',1,'2024-05-16 15:17:21','2024-05-16 15:17:21',1),(89,1,6,'최저: 7°C, 최고: 7°C',1,'2024-05-16 15:17:58','2024-05-16 15:17:58',1),(90,2,6,'최저: 25°C, 최고: 25°C',1,'2024-05-16 15:17:58','2024-05-16 15:17:58',1),(91,3,6,'최저: 7°C, 최고: 7°C',1,'2024-05-16 15:17:58','2024-05-16 15:17:58',1),(92,4,6,'최저: 2°C, 최고: 2°C',1,'2024-05-16 15:17:58','2024-05-16 15:17:58',1),(93,5,6,'최저: 18°C, 최고: 18°C',1,'2024-05-16 15:17:58','2024-05-16 15:17:58',1),(94,6,6,'최저: 8°C, 최고: 18°C',1,'2024-05-16 15:17:58','2024-05-16 15:17:58',1),(95,7,6,'최저: 10°C, 최고: 10°C',1,'2024-05-16 15:17:58','2024-05-16 15:17:58',1),(96,8,6,'최저: -5°C, 최고: -5°C',1,'2024-05-16 15:17:58','2024-05-16 15:17:58',1),(97,9,6,'최저: -55°C, 최고: -55°C',1,'2024-05-16 15:17:58','2024-05-16 15:17:58',1),(98,10,6,'최저: 15°C, 최고: 15°C',1,'2024-05-16 15:17:58','2024-05-16 15:17:58',1),(99,11,6,'최저: 12°C, 최고: 12°C',1,'2024-05-16 15:17:58','2024-05-16 15:17:58',1),(100,12,6,'최저: -3°C, 최고: -3°C',1,'2024-05-16 15:17:58','2024-05-16 15:17:58',1),(101,13,6,'최저: -10°C, 최고: -10°C',1,'2024-05-16 15:17:58','2024-05-16 15:17:58',1),(102,14,6,'최저: 6°C, 최고: 6°C',1,'2024-05-16 15:17:58','2024-05-16 15:17:58',1),(103,15,6,'최저: 8°C, 최고: 8°C',1,'2024-05-16 15:17:58','2024-05-16 15:17:58',1),(104,16,6,'최저: 5°C, 최고: 5°C',1,'2024-05-16 15:17:58','2024-05-16 15:17:58',1),(105,17,6,'최저: 4°C, 최고: 4°C',1,'2024-05-16 15:17:58','2024-05-16 15:17:58',1),(106,18,6,'최저: -3°C, 최고: -3°C',1,'2024-05-16 15:17:58','2024-05-16 15:17:58',1),(108,37,6,'최저: 13°C, 최고: 13°C',1,'2024-05-16 15:17:58','2024-05-16 15:17:58',1),(109,38,6,'최저: -10°C, 최고: -10°C',1,'2024-05-16 15:17:58','2024-05-16 15:17:58',1),(110,39,6,'최저: 10°C, 최고: 10°C',1,'2024-05-16 15:17:58','2024-05-16 15:17:58',1),(111,40,6,'최저: 15°C, 최고: 15°C',1,'2024-05-16 15:17:58','2024-05-16 15:17:58',1),(112,41,6,'최저: 11°C, 최고: 11°C',1,'2024-05-16 15:17:58','2024-05-16 15:17:58',1),(113,42,6,'최저: 6°C, 최고: 6°C',1,'2024-05-16 15:17:58','2024-05-16 15:17:58',1),(114,43,6,'최저: 8°C, 최고: 8°C',1,'2024-05-16 15:17:58','2024-05-16 15:17:58',1),(115,44,6,'최저: 20°C, 최고: 20°C',1,'2024-05-16 15:17:58','2024-05-16 15:17:58',1),(116,45,6,'최저: 20°C, 최고: 20°C',1,'2024-05-16 15:17:58','2024-05-16 15:17:58',1),(117,46,6,'최저: 30°C, 최고: 30°C',1,'2024-05-16 15:17:58','2024-05-16 15:17:58',1),(118,47,6,'최저: 5°C, 최고: 5°C',1,'2024-05-16 15:17:58','2024-05-16 15:17:58',1),(119,48,6,'최저: 12°C, 최고: 12°C',1,'2024-05-16 15:17:58','2024-05-16 15:17:58',1),(120,49,6,'최저: 25°C, 최고: 25°C',1,'2024-05-16 15:17:58','2024-05-16 15:17:58',1),(121,50,6,'최저: 15°C, 최고: 15°C',1,'2024-05-16 15:17:58','2024-05-16 15:17:58',1),(122,51,6,'최저: -2°C, 최고: -2°C',1,'2024-05-16 15:17:58','2024-05-16 15:17:58',1),(123,52,6,'최저: 10°C, 최고: 10°C',1,'2024-05-16 15:17:58','2024-05-16 15:17:58',1),(124,53,6,'최저: -7°C, 최고: -7°C',1,'2024-05-16 15:17:58','2024-05-16 15:17:58',1),(125,54,6,'최저: 15°C, 최고: 15°C',1,'2024-05-16 15:17:58','2024-05-16 15:17:58',1),(126,55,6,'최저: 22°C, 최고: 22°C',1,'2024-05-16 15:17:58','2024-05-16 15:17:58',1),(127,56,6,'최저: 25°C, 최고: 25°C',1,'2024-05-16 15:17:58','2024-05-16 15:17:58',1),(128,57,6,'최저: 8°C, 최고: 8°C',1,'2024-05-16 15:17:58','2024-05-16 15:17:58',1),(129,58,6,'최저: 18°C, 최고: 18°C',1,'2024-05-16 15:17:58','2024-05-16 15:17:58',1),(130,59,6,'최저: 5°C, 최고: 5°C',1,'2024-05-16 15:17:58','2024-05-16 15:17:58',1),(131,60,6,'최저: 10°C, 최고: 10°C',1,'2024-05-16 15:17:58','2024-05-16 15:17:58',1),(132,61,6,'최저: 8°C, 최고: 8°C',1,'2024-05-16 15:17:58','2024-05-16 15:17:58',1),(133,62,6,'최저: 15°C, 최고: 15°C',1,'2024-05-16 15:17:58','2024-05-16 15:17:58',1),(134,63,6,'최저: 2°C, 최고: 2°C',1,'2024-05-16 15:17:58','2024-05-16 15:17:58',1),(135,64,6,'최저: 17°C, 최고: 17°C',1,'2024-05-16 15:17:58','2024-05-16 15:17:58',1),(136,65,6,'최저: 20°C, 최고: 20°C',1,'2024-05-16 15:17:58','2024-05-16 15:17:58',1),(137,66,6,'최저: 25°C, 최고: 25°C',1,'2024-05-16 15:17:58','2024-05-16 15:17:58',1),(138,67,6,'최저: 20°C, 최고: 20°C',1,'2024-05-16 15:17:58','2024-05-16 15:17:58',1),(139,68,6,'최저: 22°C, 최고: 22°C',1,'2024-05-16 15:17:58','2024-05-16 15:17:58',1),(140,69,6,'최저: 4°C, 최고: 4°C',1,'2024-05-16 15:17:58','2024-05-16 15:17:58',1),(141,70,6,'최저: 30°C, 최고: 30°C',1,'2024-05-16 15:17:58','2024-05-16 15:17:58',1),(142,71,6,'최저: 3°C, 최고: 3°C',1,'2024-05-16 15:17:58','2024-05-16 15:17:58',1),(143,72,6,'최저: 15°C, 최고: 15°C',1,'2024-05-16 15:17:58','2024-05-16 15:17:58',1),(144,73,6,'최저: 8°C, 최고: 8°C',1,'2024-05-16 15:17:58','2024-05-16 15:17:58',1),(145,74,6,'최저: 10°C, 최고: 10°C',1,'2024-05-16 15:17:58','2024-05-16 15:17:58',1),(146,75,6,'최저: 7°C, 최고: 7°C',1,'2024-05-16 15:17:58','2024-05-16 15:17:58',1),(188,54,6,'최저: 15°C, 최고: 15°C',1,'2024-05-16 15:18:05','2024-05-16 15:18:05',1),(189,55,6,'최저: 22°C, 최고: 22°C',1,'2024-05-16 15:18:05','2024-05-16 15:18:05',1),(190,56,6,'최저: 25°C, 최고: 25°C',1,'2024-05-16 15:18:05','2024-05-16 15:18:05',1),(191,57,6,'최저: 8°C, 최고: 8°C',1,'2024-05-16 15:18:05','2024-05-16 15:18:05',1),(192,58,6,'최저: 18°C, 최고: 18°C',1,'2024-05-16 15:18:05','2024-05-16 15:18:05',1),(193,59,6,'최저: 5°C, 최고: 5°C',1,'2024-05-16 15:18:05','2024-05-16 15:18:05',1),(194,60,6,'최저: 10°C, 최고: 10°C',1,'2024-05-16 15:18:05','2024-05-16 15:18:05',1),(195,61,6,'최저: 8°C, 최고: 8°C',1,'2024-05-16 15:18:05','2024-05-16 15:18:05',1),(196,62,6,'최저: 15°C, 최고: 15°C',1,'2024-05-16 15:18:05','2024-05-16 15:18:05',1),(197,63,6,'최저: 2°C, 최고: 2°C',1,'2024-05-16 15:18:05','2024-05-16 15:18:05',1),(198,64,6,'최저: 17°C, 최고: 17°C',1,'2024-05-16 15:18:05','2024-05-16 15:18:05',1),(199,65,6,'최저: 20°C, 최고: 20°C',1,'2024-05-16 15:18:05','2024-05-16 15:18:05',1),(200,66,6,'최저: 25°C, 최고: 25°C',1,'2024-05-16 15:18:05','2024-05-16 15:18:05',1),(201,67,6,'최저: 20°C, 최고: 20°C',1,'2024-05-16 15:18:05','2024-05-16 15:18:05',1),(202,68,6,'최저: 22°C, 최고: 22°C',1,'2024-05-16 15:18:05','2024-05-16 15:18:05',1),(203,69,6,'최저: 4°C, 최고: 4°C',1,'2024-05-16 15:18:05','2024-05-16 15:18:05',1),(204,70,6,'최저: 30°C, 최고: 30°C',1,'2024-05-16 15:18:05','2024-05-16 15:18:05',1),(205,71,6,'최저: 3°C, 최고: 3°C',1,'2024-05-16 15:18:05','2024-05-16 15:18:05',1),(206,72,6,'최저: 15°C, 최고: 15°C',1,'2024-05-16 15:18:05','2024-05-16 15:18:05',1),(207,73,6,'최저: 8°C, 최고: 8°C',1,'2024-05-16 15:18:05','2024-05-16 15:18:05',1),(208,74,6,'최저: 10°C, 최고: 10°C',1,'2024-05-16 15:18:05','2024-05-16 15:18:05',1),(209,75,6,'최저: 7°C, 최고: 7°C',1,'2024-05-16 15:18:05','2024-05-16 15:18:05',1),(215,1,4,'북아메리카',2,'2024-05-16 15:21:51','2024-05-16 15:21:51',1),(216,2,4,'아시아',2,'2024-05-16 15:21:51','2024-05-16 15:21:51',1),(217,3,4,'북아메리카',2,'2024-05-16 15:21:51','2024-05-16 15:21:51',1),(218,4,4,'북아메리카',2,'2024-05-16 15:21:51','2024-05-16 15:21:51',1),(219,5,4,'북아메리카',2,'2024-05-16 15:21:51','2024-05-16 15:21:51',1),(220,6,4,'아시아',2,'2024-05-16 15:21:51','2024-05-16 15:21:51',1),(221,7,4,'아시아',2,'2024-05-16 15:21:51','2024-05-16 15:21:51',1),(222,8,4,'아시아',2,'2024-05-16 15:21:51','2024-05-16 15:21:51',1),(223,9,4,'아시아',2,'2024-05-16 15:21:51','2024-05-16 15:21:51',1),(224,10,4,'아시아',2,'2024-05-16 15:21:51','2024-05-16 15:21:51',1),(225,11,4,'아시아',2,'2024-05-16 15:21:51','2024-05-16 15:21:51',1),(226,12,4,'아시아',2,'2024-05-16 15:21:51','2024-05-16 15:21:51',1),(227,13,4,'아시아',2,'2024-05-16 15:21:51','2024-05-16 15:21:51',1),(228,14,4,'아시아',2,'2024-05-16 15:21:51','2024-05-16 15:21:51',1),(229,15,4,'아시아',2,'2024-05-16 15:21:51','2024-05-16 15:21:51',1),(230,16,4,'아시아',2,'2024-05-16 15:21:51','2024-05-16 15:21:51',1),(231,17,4,'아시아',2,'2024-05-16 15:21:51','2024-05-16 15:21:51',1),(232,18,4,'아시아',2,'2024-05-16 15:21:51','2024-05-16 15:21:51',1),(234,37,4,'북아메리카',2,'2024-05-16 15:21:51','2024-05-16 15:21:51',1),(235,38,4,'북아메리카',2,'2024-05-16 15:21:51','2024-05-16 15:21:51',1),(236,39,4,'북아메리카',2,'2024-05-16 15:21:51','2024-05-16 15:21:51',1),(237,40,4,'북아메리카',2,'2024-05-16 15:21:51','2024-05-16 15:21:51',1),(238,41,4,'북아메리카',2,'2024-05-16 15:21:51','2024-05-16 15:21:51',1),(239,42,4,'북아메리카',2,'2024-05-16 15:21:51','2024-05-16 15:21:51',1),(240,43,4,'북아메리카',2,'2024-05-16 15:21:51','2024-05-16 15:21:51',1),(241,44,4,'북아메리카',2,'2024-05-16 15:21:51','2024-05-16 15:21:51',1),(242,45,4,'북아메리카',2,'2024-05-16 15:21:51','2024-05-16 15:21:51',1),(243,46,4,'북아메리카',2,'2024-05-16 15:21:51','2024-05-16 15:21:51',1),(244,47,4,'북아메리카',2,'2024-05-16 15:21:51','2024-05-16 15:21:51',1),(245,48,4,'북아메리카',2,'2024-05-16 15:21:51','2024-05-16 15:21:51',1),(246,49,4,'북아메리카',2,'2024-05-16 15:21:51','2024-05-16 15:21:51',1),(247,50,4,'북아메리카',2,'2024-05-16 15:21:51','2024-05-16 15:21:51',1),(248,51,4,'북아메리카',2,'2024-05-16 15:21:51','2024-05-16 15:21:51',1),(249,52,4,'북아메리카',2,'2024-05-16 15:21:51','2024-05-16 15:21:51',1),(250,53,4,'북아메리카',2,'2024-05-16 15:21:51','2024-05-16 15:21:51',1),(251,54,4,'유럽',2,'2024-05-16 15:21:51','2024-05-16 15:21:51',1),(252,55,4,'유럽',2,'2024-05-16 15:21:51','2024-05-16 15:21:51',1),(253,56,4,'유럽',2,'2024-05-16 15:21:51','2024-05-16 15:21:51',1),(254,57,4,'유럽',2,'2024-05-16 15:21:51','2024-05-16 15:21:51',1),(255,58,4,'유럽',2,'2024-05-16 15:21:51','2024-05-16 15:21:51',1),(256,59,4,'유럽',2,'2024-05-16 15:21:51','2024-05-16 15:21:51',1),(257,60,4,'유럽',2,'2024-05-16 15:21:51','2024-05-16 15:21:51',1),(258,61,4,'유럽',2,'2024-05-16 15:21:51','2024-05-16 15:21:51',1),(259,62,4,'???',2,'2024-05-16 15:21:51','2024-05-16 15:21:51',1),(260,63,4,'유럽',2,'2024-05-16 15:21:51','2024-05-16 15:21:51',1),(261,64,4,'유럽',2,'2024-05-16 15:21:51','2024-05-16 15:21:51',1),(262,65,4,'유럽',2,'2024-05-16 15:21:51','2024-05-16 15:21:51',1),(263,66,4,'아프리카',2,'2024-05-16 15:21:51','2024-05-16 15:21:51',1),(264,67,4,'아프리카',2,'2024-05-16 15:21:51','2024-05-16 15:21:51',1),(265,68,4,'아프리카',2,'2024-05-16 15:21:51','2024-05-16 15:21:51',1),(266,69,4,'아프리카',2,'2024-05-16 15:21:51','2024-05-16 15:21:51',1),(267,70,4,'아프리카',2,'2024-05-16 15:21:51','2024-05-16 15:21:51',1),(268,71,4,'아프리카',2,'2024-05-16 15:21:51','2024-05-16 15:21:51',1),(269,72,4,'아프리카',2,'2024-05-16 15:21:51','2024-05-16 15:21:51',1),(270,73,4,'북아메리카',2,'2024-05-16 15:21:51','2024-05-16 15:21:51',1),(271,74,4,'북아메리카',2,'2024-05-16 15:21:51','2024-05-16 15:21:51',1),(272,75,4,'북아메리카',2,'2024-05-16 15:21:51','2024-05-16 15:21:51',1),(278,1,3,'600mm',1,'2024-05-16 15:23:47','2024-05-16 15:23:47',1),(279,2,3,'800mm',1,'2024-05-16 15:23:47','2024-05-16 15:23:47',1),(280,3,3,'250mm',1,'2024-05-16 15:23:47','2024-05-16 15:23:47',1),(281,4,3,'1800mm',1,'2024-05-16 15:23:47','2024-05-16 15:23:47',1),(282,5,3,'1200mm',1,'2024-05-16 15:23:47','2024-05-16 15:23:47',1),(283,6,3,'1391mm',1,'2024-05-16 15:23:47','2024-05-16 15:23:47',1),(284,7,3,'1400mm',1,'2024-05-16 15:23:47','2024-05-16 15:23:47',1),(285,8,3,'1200mm',1,'2024-05-16 15:23:47','2024-05-16 15:23:47',1),(286,9,3,'400mm',1,'2024-05-16 15:23:47','2024-05-16 15:23:47',1),(287,10,3,'1300mm',1,'2024-05-16 15:23:47','2024-05-16 15:23:47',1),(288,11,3,'1500mm',1,'2024-05-16 15:23:47','2024-05-16 15:23:47',1),(289,12,3,'900mm',1,'2024-05-16 15:23:47','2024-05-16 15:23:47',1),(290,13,3,'800mm',1,'2024-05-16 15:23:47','2024-05-16 15:23:47',1),(291,14,3,'1000mm',1,'2024-05-16 15:23:47','2024-05-16 15:23:47',1),(292,15,3,'1100mm',1,'2024-05-16 15:23:47','2024-05-16 15:23:47',1),(293,16,3,'1400mm',1,'2024-05-16 15:23:47','2024-05-16 15:23:47',1),(294,17,3,'1800mm',1,'2024-05-16 15:23:47','2024-05-16 15:23:47',1),(295,18,3,'1200mm',1,'2024-05-16 15:23:47','2024-05-16 15:23:47',1),(297,37,3,'1100mm',1,'2024-05-16 15:23:47','2024-05-16 15:23:47',1),(298,38,3,'500mm',1,'2024-05-16 15:23:47','2024-05-16 15:23:47',1),(299,39,3,'1300mm',1,'2024-05-16 15:23:47','2024-05-16 15:23:47',1),(300,40,3,'800mm',1,'2024-05-16 15:23:47','2024-05-16 15:23:47',1),(301,41,3,'900mm',1,'2024-05-16 15:23:47','2024-05-16 15:23:47',1),(302,42,3,'600mm',1,'2024-05-16 15:23:47','2024-05-16 15:23:47',1),(303,43,3,'700mm',1,'2024-05-16 15:23:47','2024-05-16 15:23:47',1),(304,44,3,'400mm',1,'2024-05-16 15:23:47','2024-05-16 15:23:47',1),(305,45,3,'200mm',1,'2024-05-16 15:23:47','2024-05-16 15:23:47',1),(306,46,3,'2500mm',1,'2024-05-16 15:23:47','2024-05-16 15:23:47',1),(307,47,3,'900mm',1,'2024-05-16 15:23:47','2024-05-16 15:23:47',1),(308,48,3,'700mm',1,'2024-05-16 15:23:47','2024-05-16 15:23:47',1),(309,49,3,'10mm',1,'2024-05-16 15:23:47','2024-05-16 15:23:47',1),(310,50,3,'150mm',1,'2024-05-16 15:23:47','2024-05-16 15:23:47',1),(311,51,3,'100mm',1,'2024-05-16 15:23:47','2024-05-16 15:23:47',1),(312,52,3,'1000mm',1,'2024-05-16 15:23:47','2024-05-16 15:23:47',1),(313,53,3,'2000mm',1,'2024-05-16 15:23:47','2024-05-16 15:23:47',1),(314,54,3,'300mm',1,'2024-05-16 15:23:47','2024-05-16 15:23:47',1),(315,55,3,'400mm',1,'2024-05-16 15:23:47','2024-05-16 15:23:47',1),(316,56,3,'500mm',1,'2024-05-16 15:23:47','2024-05-16 15:23:47',1),(317,57,3,'600mm',1,'2024-05-16 15:23:47','2024-05-16 15:23:47',1),(318,58,3,'700mm',1,'2024-05-16 15:23:47','2024-05-16 15:23:47',1),(319,59,3,'400mm',1,'2024-05-16 15:23:47','2024-05-16 15:23:47',1),(320,60,3,'500mm',1,'2024-05-16 15:23:47','2024-05-16 15:23:47',1),(321,61,3,'300mm',1,'2024-05-16 15:23:47','2024-05-16 15:23:47',1),(322,62,3,'????',1,'2024-05-16 15:23:47','2024-05-16 15:23:47',1),(323,63,3,'200mm',1,'2024-05-16 15:23:47','2024-05-16 15:23:47',1),(324,64,3,'100mm',1,'2024-05-16 15:23:47','2024-05-16 15:23:47',1),(325,65,3,'50mm',1,'2024-05-16 15:23:47','2024-05-16 15:23:47',1),(326,66,3,'0mm',1,'2024-05-16 15:23:47','2024-05-16 15:23:47',1),(327,67,3,'100mm',1,'2024-05-16 15:23:47','2024-05-16 15:23:47',1),(328,68,3,'200mm',1,'2024-05-16 15:23:47','2024-05-16 15:23:47',1),(329,69,3,'500mm',1,'2024-05-16 15:23:47','2024-05-16 15:23:47',1),(330,70,3,'1000mm',1,'2024-05-16 15:23:47','2024-05-16 15:23:47',1),(331,71,3,'200mm',1,'2024-05-16 15:23:47','2024-05-16 15:23:47',1),(332,72,3,'300mm',1,'2024-05-16 15:23:47','2024-05-16 15:23:47',1),(333,73,3,'400mm',1,'2024-05-16 15:23:47','2024-05-16 15:23:47',1),(334,74,3,'500mm',1,'2024-05-16 15:23:47','2024-05-16 15:23:47',1),(335,75,3,'600mm',1,'2024-05-16 15:23:47','2024-05-16 15:23:47',1),(341,1,5,'330m',1,'2024-05-16 15:27:16','2024-05-16 15:27:16',1),(342,2,5,'171m',1,'2024-05-16 15:27:16','2024-05-16 15:27:16',1),(343,3,5,'2134m',1,'2024-05-16 15:27:16','2024-05-16 15:27:16',1),(344,4,5,'2430m',1,'2024-05-16 15:27:16','2024-05-16 15:27:16',1),(345,5,5,'4m',1,'2024-05-16 15:27:16','2024-05-16 15:27:16',1),(346,6,5,'30m',1,'2024-05-16 15:27:16','2024-05-16 15:27:16',1),(347,7,5,'473m',1,'2024-05-16 15:27:16','2024-05-16 15:27:16',1),(348,8,5,'319m',1,'2024-05-16 15:27:16','2024-05-16 15:27:16',1),(349,9,5,'45m',1,'2024-05-16 15:27:16','2024-05-16 15:27:16',1),(350,10,5,'14m',1,'2024-05-16 15:27:16','2024-05-16 15:27:16',1),(351,11,5,'12m',1,'2024-05-16 15:27:16','2024-05-16 15:27:16',1),(352,12,5,'142m',1,'2024-05-16 15:27:16','2024-05-16 15:27:16',1),(353,13,5,'90m',1,'2024-05-16 15:27:16','2024-05-16 15:27:16',1),(354,14,5,'18m',1,'2024-05-16 15:27:16','2024-05-16 15:27:16',1),(355,15,5,'125m',1,'2024-05-16 15:27:16','2024-05-16 15:27:16',1),(356,16,5,'180m',1,'2024-05-16 15:27:16','2024-05-16 15:27:16',1),(357,17,5,'1950m',1,'2024-05-16 15:27:16','2024-05-16 15:27:16',1),(358,18,5,'151m',1,'2024-05-16 15:27:16','2024-05-16 15:27:16',1),(360,37,5,'46m',1,'2024-05-16 15:27:16','2024-05-16 15:27:16',1),(361,38,5,'156m',1,'2024-05-16 15:27:16','2024-05-16 15:27:16',1),(362,39,5,'15m',1,'2024-05-16 15:27:16','2024-05-16 15:27:16',1),(363,40,5,'75m',1,'2024-05-16 15:27:16','2024-05-16 15:27:16',1),(364,41,5,'22m',1,'2024-05-16 15:27:16','2024-05-16 15:27:16',1),(365,42,5,'156m',1,'2024-05-16 15:27:16','2024-05-16 15:27:16',1),(366,43,5,'235m',1,'2024-05-16 15:27:16','2024-05-16 15:27:16',1),(367,44,5,'18m',1,'2024-05-16 15:27:16','2024-05-16 15:27:16',1),(368,45,5,'810m',1,'2024-05-16 15:27:16','2024-05-16 15:27:16',1),(369,46,5,'840m',1,'2024-05-16 15:27:16','2024-05-16 15:27:16',1),(370,47,5,'17m',1,'2024-05-16 15:27:16','2024-05-16 15:27:16',1),(371,48,5,'227m',1,'2024-05-16 15:27:16','2024-05-16 15:27:16',1),(372,49,5,'32m',1,'2024-05-16 15:27:16','2024-05-16 15:27:16',1),(373,50,5,'10m',1,'2024-05-16 15:27:16','2024-05-16 15:27:16',1),(374,51,5,'710m',1,'2024-05-16 15:27:16','2024-05-16 15:27:16',1),(375,52,5,'108m',1,'2024-05-16 15:27:16','2024-05-16 15:27:16',1),(376,53,5,'5895m',1,'2024-05-16 15:27:16','2024-05-16 15:27:16',1),(377,54,5,'156m',1,'2024-05-16 15:27:16','2024-05-16 15:27:16',1),(378,55,5,'200m',1,'2024-05-16 15:27:16','2024-05-16 15:27:16',1),(379,56,5,'37m',1,'2024-05-16 15:27:16','2024-05-16 15:27:16',1),(380,57,5,'85m',1,'2024-05-16 15:27:16','2024-05-16 15:27:16',1),(381,58,5,'121m',1,'2024-05-16 15:27:16','2024-05-16 15:27:16',1),(382,59,5,'57m',1,'2024-05-16 15:27:16','2024-05-16 15:27:16',1),(383,60,5,'35m',1,'2024-05-16 15:27:16','2024-05-16 15:27:16',1),(384,61,5,'17m',1,'2024-05-16 15:27:16','2024-05-16 15:27:16',1),(385,62,5,'????',1,'2024-05-16 15:27:16','2024-05-16 15:27:16',1),(386,63,5,'50m',1,'2024-05-16 15:27:16','2024-05-16 15:27:16',1),(387,64,5,'100m',1,'2024-05-16 15:27:16','2024-05-16 15:27:16',1),(388,65,5,'10m',1,'2024-05-16 15:27:16','2024-05-16 15:27:16',1),(389,66,5,'138m',1,'2024-05-16 15:27:16','2024-05-16 15:27:16',1),(390,67,5,'152m',1,'2024-05-16 15:27:16','2024-05-16 15:27:16',1),(391,68,5,'209m',1,'2024-05-16 15:27:16','2024-05-16 15:27:16',1),(392,69,5,'1500m',1,'2024-05-16 15:27:16','2024-05-16 15:27:16',1),(393,70,5,'260m',1,'2024-05-16 15:27:16','2024-05-16 15:27:16',1),(394,71,5,'150m',1,'2024-05-16 15:27:16','2024-05-16 15:27:16',1),(395,72,5,'173m',1,'2024-05-16 15:27:16','2024-05-16 15:27:16',1),(396,73,5,'20m',1,'2024-05-16 15:27:16','2024-05-16 15:27:16',1),(397,74,5,'32m',1,'2024-05-16 15:27:16','2024-05-16 15:27:16',1),(398,75,5,'17m',1,'2024-05-16 15:27:16','2024-05-16 15:27:16',1),(404,1,2,'15°C',1,'2024-05-16 15:28:47','2024-05-16 15:28:47',1),(405,2,2,'25°C',1,'2024-05-16 15:28:47','2024-05-16 15:28:47',1),(406,3,2,'10°C',1,'2024-05-16 15:28:47','2024-05-16 15:28:47',1),(407,4,2,'15°C',1,'2024-05-16 15:28:47','2024-05-16 15:28:47',1),(408,5,2,'20°C',1,'2024-05-16 15:28:47','2024-05-16 15:28:47',1),(409,6,2,'13°C',1,'2024-05-16 15:28:47','2024-05-16 15:28:47',1),(410,7,2,'14°C',1,'2024-05-16 15:28:47','2024-05-16 15:28:47',1),(411,8,2,'12°C',1,'2024-05-16 15:28:47','2024-05-16 15:28:47',1),(412,9,2,'16°C',1,'2024-05-16 15:28:47','2024-05-16 15:28:47',1),(413,10,2,'11°C',1,'2024-05-16 15:28:47','2024-05-16 15:28:47',1),(414,11,2,'17°C',1,'2024-05-16 15:28:47','2024-05-16 15:28:47',1),(415,12,2,'12°C',1,'2024-05-16 15:28:47','2024-05-16 15:28:47',1),(416,13,2,'11°C',1,'2024-05-16 15:28:47','2024-05-16 15:28:47',1),(417,14,2,'16°C',1,'2024-05-16 15:28:47','2024-05-16 15:28:47',1),(418,15,2,'14°C',1,'2024-05-16 15:28:47','2024-05-16 15:28:47',1),(419,16,2,'18°C',1,'2024-05-16 15:28:47','2024-05-16 15:28:47',1),(420,17,2,'8°C',1,'2024-05-16 15:28:47','2024-05-16 15:28:47',1),(421,18,2,'10°C',1,'2024-05-16 15:28:47','2024-05-16 15:28:47',1),(423,37,2,'16°C',1,'2024-05-16 15:28:47','2024-05-16 15:28:47',1),(424,38,2,'5°C',1,'2024-05-16 15:28:47','2024-05-16 15:28:47',1),(425,39,2,'16°C',1,'2024-05-16 15:28:47','2024-05-16 15:28:47',1),(426,40,2,'18°C',1,'2024-05-16 15:28:47','2024-05-16 15:28:47',1),(427,41,2,'13°C',1,'2024-05-16 15:28:47','2024-05-16 15:28:47',1),(428,42,2,'7°C',1,'2024-05-16 15:28:47','2024-05-16 15:28:47',1),(429,43,2,'12°C',1,'2024-05-16 15:28:47','2024-05-16 15:28:47',1),(430,44,2,'20°C',1,'2024-05-16 15:28:47','2024-05-16 15:28:47',1),(431,45,2,'25°C',1,'2024-05-16 15:28:47','2024-05-16 15:28:47',1),(432,46,2,'30°C',1,'2024-05-16 15:28:47','2024-05-16 15:28:47',1),(433,47,2,'14°C',1,'2024-05-16 15:28:47','2024-05-16 15:28:47',1),(434,48,2,'18°C',1,'2024-05-16 15:28:47','2024-05-16 15:28:47',1),(435,49,2,'22°C',1,'2024-05-16 15:28:47','2024-05-16 15:28:47',1),(436,50,2,'18°C',1,'2024-05-16 15:28:47','2024-05-16 15:28:47',1),(437,51,2,'9°C',1,'2024-05-16 15:28:47','2024-05-16 15:28:47',1),(438,52,2,'22°C',1,'2024-05-16 15:28:47','2024-05-16 15:28:47',1),(439,53,2,'-7°C',1,'2024-05-16 15:28:47','2024-05-16 15:28:47',1),(440,54,2,'18°C',1,'2024-05-16 15:28:47','2024-05-16 15:28:47',1),(441,55,2,'22°C',1,'2024-05-16 15:28:47','2024-05-16 15:28:47',1),(442,56,2,'23°C',1,'2024-05-16 15:28:47','2024-05-16 15:28:47',1),(443,57,2,'20°C',1,'2024-05-16 15:28:47','2024-05-16 15:28:47',1),(444,58,2,'24°C',1,'2024-05-16 15:28:47','2024-05-16 15:28:47',1),(445,59,2,'15°C',1,'2024-05-16 15:28:47','2024-05-16 15:28:47',1),(446,60,2,'18°C',1,'2024-05-16 15:28:47','2024-05-16 15:28:47',1),(447,61,2,'19°C',1,'2024-05-16 15:28:47','2024-05-16 15:28:47',1),(448,62,2,'???',1,'2024-05-16 15:28:47','2024-05-16 15:28:47',1),(449,63,2,'12°C',1,'2024-05-16 15:28:47','2024-05-16 15:28:47',1),(450,64,2,'20°C',1,'2024-05-16 15:28:47','2024-05-16 15:28:47',1),(451,65,2,'24°C',1,'2024-05-16 15:28:47','2024-05-16 15:28:47',1),(452,66,2,'25°C',1,'2024-05-16 15:28:47','2024-05-16 15:28:47',1),(453,67,2,'27°C',1,'2024-05-16 15:28:47','2024-05-16 15:28:47',1),(454,68,2,'31°C',1,'2024-05-16 15:28:47','2024-05-16 15:28:47',1),(455,69,2,'29°C',1,'2024-05-16 15:28:47','2024-05-16 15:28:47',1),(456,70,2,'35°C',1,'2024-05-16 15:28:47','2024-05-16 15:28:47',1),(457,71,2,'14°C',1,'2024-05-16 15:28:47','2024-05-16 15:28:47',1),(458,72,2,'30°C',1,'2024-05-16 15:28:47','2024-05-16 15:28:47',1),(459,73,2,'13°C',1,'2024-05-16 15:28:47','2024-05-16 15:28:47',1),(460,74,2,'17°C',1,'2024-05-16 15:28:47','2024-05-16 15:28:47',1),(461,75,2,'20°C',1,'2024-05-16 15:28:47','2024-05-16 15:28:47',1);
/*!40000 ALTER TABLE `hint` ENABLE KEYS */;
UNLOCK TABLES;

--
-- Table structure for table `hint_type`
--

DROP TABLE IF EXISTS `hint_type`;
/*!40101 SET @saved_cs_client     = @@character_set_client */;
/*!50503 SET character_set_client = utf8mb4 */;
CREATE TABLE `hint_type` (
  `hint_type_id` int NOT NULL AUTO_INCREMENT,
  `hint_type_name` varchar(10) COLLATE utf8mb4_unicode_ci DEFAULT NULL COMMENT '연교차, 고도 ...',
  `created_date` timestamp NULL DEFAULT NULL,
  `updated_date` datetime(6) DEFAULT NULL,
  PRIMARY KEY (`hint_type_id`)
) ENGINE=InnoDB AUTO_INCREMENT=7 DEFAULT CHARSET=utf8mb4 COLLATE=utf8mb4_unicode_ci;
/*!40101 SET character_set_client = @saved_cs_client */;

--
-- Dumping data for table `hint_type`
--

LOCK TABLES `hint_type` WRITE;
/*!40000 ALTER TABLE `hint_type` DISABLE KEYS */;
INSERT INTO `hint_type` VALUES (1,'키워드','2024-04-30 15:00:00','2024-05-02 00:00:00.000000'),(2,'평균 기온','2024-04-30 15:00:00','2024-05-02 00:00:00.000000'),(3,'평균 강수량','2024-04-30 15:00:00','2024-05-02 00:00:00.000000'),(4,'대륙','2024-04-30 15:00:00','2024-05-02 00:00:00.000000'),(5,'고도','2024-04-30 15:00:00','2024-05-02 00:00:00.000000'),(6,'연교차','2024-05-16 08:19:50','2024-05-16 17:19:53.000000');
/*!40000 ALTER TABLE `hint_type` ENABLE KEYS */;
UNLOCK TABLES;

--
-- Table structure for table `nickname_adjective`
--

DROP TABLE IF EXISTS `nickname_adjective`;
/*!40101 SET @saved_cs_client     = @@character_set_client */;
/*!50503 SET character_set_client = utf8mb4 */;
CREATE TABLE `nickname_adjective` (
  `nickname_adjective_id` varchar(255) COLLATE utf8mb4_unicode_ci NOT NULL,
  `adjective` varchar(10) COLLATE utf8mb4_unicode_ci DEFAULT NULL,
  `created_date` timestamp NULL DEFAULT NULL,
  `updated_date` timestamp NULL DEFAULT NULL,
  PRIMARY KEY (`nickname_adjective_id`)
) ENGINE=InnoDB DEFAULT CHARSET=utf8mb4 COLLATE=utf8mb4_unicode_ci;
/*!40101 SET character_set_client = @saved_cs_client */;

--
-- Dumping data for table `nickname_adjective`
--

LOCK TABLES `nickname_adjective` WRITE;
/*!40000 ALTER TABLE `nickname_adjective` DISABLE KEYS */;
/*!40000 ALTER TABLE `nickname_adjective` ENABLE KEYS */;
UNLOCK TABLES;

--
-- Table structure for table `nickname_noun`
--

DROP TABLE IF EXISTS `nickname_noun`;
/*!40101 SET @saved_cs_client     = @@character_set_client */;
/*!50503 SET character_set_client = utf8mb4 */;
CREATE TABLE `nickname_noun` (
  `nickname_noun_id` varchar(255) COLLATE utf8mb4_unicode_ci NOT NULL,
  `noun` varchar(255) COLLATE utf8mb4_unicode_ci DEFAULT NULL,
  `created_date` timestamp NULL DEFAULT NULL,
  `updated_date` timestamp NULL DEFAULT NULL,
  PRIMARY KEY (`nickname_noun_id`)
) ENGINE=InnoDB DEFAULT CHARSET=utf8mb4 COLLATE=utf8mb4_unicode_ci;
/*!40101 SET character_set_client = @saved_cs_client */;

--
-- Dumping data for table `nickname_noun`
--

LOCK TABLES `nickname_noun` WRITE;
/*!40000 ALTER TABLE `nickname_noun` DISABLE KEYS */;
/*!40000 ALTER TABLE `nickname_noun` ENABLE KEYS */;
UNLOCK TABLES;

--
-- Table structure for table `question`
--

DROP TABLE IF EXISTS `question`;
/*!40101 SET @saved_cs_client     = @@character_set_client */;
/*!50503 SET character_set_client = utf8mb4 */;
CREATE TABLE `question` (
  `question_id` int NOT NULL AUTO_INCREMENT,
  `theme_id` int NOT NULL COMMENT '테마 id',
  `question_name` varchar(255) COLLATE utf8mb4_unicode_ci DEFAULT NULL,
  `lat` double DEFAULT NULL COMMENT '위도',
  `lng` double DEFAULT NULL COMMENT '경도',
  `created_date` timestamp NULL DEFAULT NULL,
  `updated_date` timestamp NULL DEFAULT NULL,
  `used` int DEFAULT NULL,
  PRIMARY KEY (`question_id`)
) ENGINE=InnoDB AUTO_INCREMENT=76 DEFAULT CHARSET=utf8mb4 COLLATE=utf8mb4_unicode_ci;
/*!40101 SET character_set_client = @saved_cs_client */;

--
-- Dumping data for table `question`
--

LOCK TABLES `question` WRITE;
/*!40000 ALTER TABLE `question` DISABLE KEYS */;
INSERT INTO `question` VALUES (1,5,'에펠탑 (Eiffel Tower)',48.8584,2.2945,'2024-04-30 15:00:00','2024-04-30 15:00:00',1),(2,5,'타지 마할 (Taj Mahal)',27.1751,78.0421,'2024-04-30 15:00:00','2024-04-30 15:00:00',1),(5,5,'시드니 오페라 하우스 (Sydney Opera House)',-33.8568,151.2153,'2024-04-30 15:00:00','2024-04-30 15:00:00',1),(6,2,'경복궁',37.5796,126.977,'2024-05-16 14:24:53','2024-05-16 14:24:53',1),(7,2,'남한산성',37.4449,127.157,'2024-05-16 14:24:53','2024-05-16 14:24:53',0),(8,2,'불국사',35.4719,129.1956,'2024-05-16 14:24:53','2024-05-16 14:24:53',0),(9,2,'화성',37.1965,127.2165,'2024-05-16 14:24:53','2024-05-16 14:24:53',0),(10,2,'포항철강산업단지',36.0618,129.3681,'2024-05-16 14:24:53','2024-05-16 14:24:53',1),(11,2,'부산 해운대',35.1582,129.1637,'2024-05-16 14:24:53','2024-05-16 14:24:53',0),(12,2,'논산 신병교육대',36.1571,127.0197,'2024-05-16 14:24:53','2024-05-16 14:24:53',0),(13,2,'파주 DMZ',37.5324,126.4422,'2024-05-16 14:24:53','2024-05-16 14:24:53',0),(14,2,'김포공항',37.5586,126.7975,'2024-05-16 14:24:53','2024-05-16 14:24:53',0),(15,2,'도산서원',36.2824,127.0188,'2024-05-16 14:24:53','2024-05-16 14:24:53',0),(16,2,'성산일출봉',33.4586,126.9416,'2024-05-16 14:24:53','2024-05-16 14:24:53',1),(17,2,'한라산',33.3625,126.5227,'2024-05-16 14:24:53','2024-05-16 14:24:53',1),(18,2,'백령도',37.5827,124.4248,'2024-05-16 14:24:53','2024-05-16 14:24:53',0),(37,5,'자유의 여신상',40.6892,-74.0445,'2024-05-16 14:24:53','2024-05-16 14:24:53',1),(38,5,'붉은 광장',55.7539,37.6236,'2024-05-16 14:24:53','2024-05-16 14:24:53',1),(39,5,'오사카성',34.6873,135.5268,'2024-05-16 14:24:53','2024-05-16 14:24:53',1),(40,5,'바티칸',41.9029,12.4534,'2024-05-16 14:24:53','2024-05-16 14:24:53',1),(41,5,'버킹엄 궁전',51.5014,-0.1419,'2024-05-16 14:24:53','2024-05-16 14:24:53',1),(42,5,'크렘린 궁전',55.7512,37.6184,'2024-05-16 14:24:53','2024-05-16 14:24:53',1),(43,5,'프라하 성',50.0909,14.4205,'2024-05-16 14:24:53','2024-05-16 14:24:53',1),(44,5,'알함브라 궁전(스페인)',37.176,-5.9846,'2024-05-16 14:24:53','2024-05-16 14:24:53',1),(45,5,'페트라',30.3285,35.4444,'2024-05-16 14:24:53','2024-05-16 14:24:53',1),(46,5,'보로부두르(인도네시아)',-6.1152,106.156,'2024-05-16 14:24:53','2024-05-16 14:24:53',1),(47,5,'백악관',38.8977,-77.0365,'2024-05-16 14:24:53','2024-05-16 14:24:53',1),(48,5,'골든게이트 브릿지',37.8199,-122.4783,'2024-05-16 14:24:53','2024-05-16 14:24:53',1),(49,5,'칠룰라 피라미드',20.6837,-88.5754,'2024-05-16 14:24:53','2024-05-16 14:24:53',1),(50,5,'모아이석상',-27.1127,-109.3497,'2024-05-16 14:24:53','2024-05-16 14:24:53',1),(51,5,'크리스토 레덴토르 ',-22.9519,-43.2105,'2024-05-16 14:24:53','2024-05-16 14:24:53',1),(52,5,'빅토리아 폭포',-17.9244,25.8537,'2024-05-16 14:24:53','2024-05-16 14:24:53',1),(53,5,'킬리만자로 산',-3.0674,37.3556,'2024-05-16 14:24:53','2024-05-16 14:24:53',1),(54,3,'아크로폴리스',37.9715,23.7251,'2024-05-16 14:24:53','2024-05-16 14:24:53',1),(55,3,'델포이',38.4821,22.4882,'2024-05-16 14:24:53','2024-05-16 14:24:53',1),(56,3,'올림피아',37.6379,21.6296,'2024-05-16 14:24:53','2024-05-16 14:24:53',1),(57,3,'미케네',37.9577,23.7676,'2024-05-16 14:24:53','2024-05-16 14:24:53',1),(58,3,'로도스',36.434,28.2282,'2024-05-16 14:24:53','2024-05-16 14:24:53',1),(59,3,'영국박물관(파르테논의 조각)',51.5194,-0.127,'2024-05-16 14:24:53','2024-05-16 14:24:53',0),(60,3,'루브르박물관(비너스 밀로 보관)',48.8606,2.3376,'2024-05-16 14:24:53','2024-05-16 14:24:53',0),(61,3,'메트로폴리탄 박물관',40.7794,-73.9632,'2024-05-16 14:24:53','2024-05-16 14:24:53',0),(62,3,'바티칸 박물관',41.9065,12.4534,'2024-05-16 14:24:53','2024-05-16 14:24:53',0),(63,3,'베를린 고대 박물관',52.5218,13.4145,'2024-05-16 14:24:53','2024-05-16 14:24:53',0),(64,3,'크노소스 궁전(크레타섬)',35.2932,25.1623,'2024-05-16 14:24:53','2024-05-16 14:24:53',0),(65,3,'에피다우로스 (필로폰 네소스 반도)',39.0429,23.5469,'2024-05-16 14:24:53','2024-05-16 14:24:53',1),(66,4,'쿠푸 피라미드',29.9793,31.1341,'2024-05-16 14:24:53','2024-05-16 14:24:53',1),(67,4,'카르낙 신전',25.7188,32.6574,'2024-05-16 14:24:53','2024-05-16 14:24:53',1),(68,4,'룩소르 신전',25.6872,32.6396,'2024-05-16 14:24:53','2024-05-16 14:24:53',1),(69,4,'왕가의 계곡',25.7306,32.6017,'2024-05-16 14:24:53','2024-05-16 14:24:53',1),(70,4,'아부 심벨',22.3372,31.6258,'2024-05-16 14:24:53','2024-05-16 14:24:53',1),(71,4,'베를린 신 박물관',52.52,13.4078,'2024-05-16 14:24:53','2024-05-16 14:24:53',0),(72,4,'토리노 이집트 박물관',45.0703,7.6786,'2024-05-16 14:24:53','2024-05-16 14:24:53',0),(73,4,'영국 박물관',51.5194,-0.127,'2024-05-16 14:24:53','2024-05-16 14:24:53',0),(74,4,'루브르 박물관',48.8606,2.3376,'2024-05-16 14:24:53','2024-05-16 14:24:53',0),(75,4,'메트로 폴리탄 박물관',40.7794,-73.9632,'2024-05-16 14:24:53','2024-05-16 14:24:53',0);
/*!40000 ALTER TABLE `question` ENABLE KEYS */;
UNLOCK TABLES;

--
-- Table structure for table `team`
--

DROP TABLE IF EXISTS `team`;
/*!40101 SET @saved_cs_client     = @@character_set_client */;
/*!50503 SET character_set_client = utf8mb4 */;
CREATE TABLE `team` (
  `team_id` int NOT NULL AUTO_INCREMENT,
  `game_id` int NOT NULL,
  `color_id` int NOT NULL,
  `team_number` int DEFAULT NULL COMMENT '1~10으로 구분됨',
  `is_ready` bit(1) NOT NULL,
  `last_ready_time` timestamp NULL DEFAULT NULL COMMENT '마지막으로 준비완료 한 시점',
  `final_rank` int NOT NULL,
  `final_score` int NOT NULL,
  `created_date` timestamp NULL DEFAULT NULL,
  `updated_date` timestamp NULL DEFAULT NULL,
  PRIMARY KEY (`team_id`)
) ENGINE=InnoDB AUTO_INCREMENT=13 DEFAULT CHARSET=utf8mb4 COLLATE=utf8mb4_unicode_ci;
/*!40101 SET character_set_client = @saved_cs_client */;

--
-- Dumping data for table `team`
--

LOCK TABLES `team` WRITE;
/*!40000 ALTER TABLE `team` DISABLE KEYS */;
INSERT INTO `team` VALUES (1,1134,0,1,_binary '','2024-05-18 15:46:41',0,0,'2024-05-18 15:46:41','2024-05-18 15:46:41'),(2,1135,0,1,_binary '','2024-05-18 15:48:22',0,0,'2024-05-18 15:48:22','2024-05-18 15:48:22'),(3,1136,0,1,_binary '','2024-05-18 15:48:45',0,0,'2024-05-18 15:48:45','2024-05-18 15:48:45'),(4,1137,0,1,_binary '','2024-05-18 15:49:18',0,0,'2024-05-18 15:49:18','2024-05-18 15:49:18'),(5,1138,0,1,_binary '','2024-05-18 15:49:49',0,0,'2024-05-18 15:49:49','2024-05-18 15:49:49'),(6,1139,0,1,_binary '','2024-05-18 15:50:10',0,0,'2024-05-18 15:50:10','2024-05-18 15:50:10'),(7,1140,0,1,_binary '','2024-05-18 15:59:53',0,0,'2024-05-18 15:59:53','2024-05-18 15:59:53'),(8,1140,0,2,_binary '','2024-05-18 15:59:53',0,0,'2024-05-18 15:59:53','2024-05-18 15:59:53'),(9,1140,0,3,_binary '','2024-05-18 15:59:53',0,0,'2024-05-18 15:59:53','2024-05-18 15:59:53'),(10,1140,0,4,_binary '','2024-05-18 15:59:53',0,0,'2024-05-18 15:59:53','2024-05-18 15:59:53'),(11,1140,0,5,_binary '','2024-05-18 15:59:53',0,0,'2024-05-18 15:59:53','2024-05-18 15:59:53'),(12,1140,0,9,_binary '','2024-05-18 15:59:53',0,0,'2024-05-18 15:59:53','2024-05-18 15:59:53');
/*!40000 ALTER TABLE `team` ENABLE KEYS */;
UNLOCK TABLES;

--
-- Table structure for table `team-gamer`
--

DROP TABLE IF EXISTS `team-gamer`;
/*!40101 SET @saved_cs_client     = @@character_set_client */;
/*!50503 SET character_set_client = utf8mb4 */;
CREATE TABLE `team-gamer` (
  `team_gamer_id` bigint NOT NULL AUTO_INCREMENT,
  `team_id` int NOT NULL,
  `color_id` int NOT NULL,
  `gamer_id` int NOT NULL,
  `created_date` timestamp NULL DEFAULT NULL,
  PRIMARY KEY (`team_gamer_id`)
) ENGINE=InnoDB DEFAULT CHARSET=utf8mb4 COLLATE=utf8mb4_unicode_ci;
/*!40101 SET character_set_client = @saved_cs_client */;

--
-- Dumping data for table `team-gamer`
--

LOCK TABLES `team-gamer` WRITE;
/*!40000 ALTER TABLE `team-gamer` DISABLE KEYS */;
/*!40000 ALTER TABLE `team-gamer` ENABLE KEYS */;
UNLOCK TABLES;

--
-- Table structure for table `team_gamer`
--

DROP TABLE IF EXISTS `team_gamer`;
/*!40101 SET @saved_cs_client     = @@character_set_client */;
/*!50503 SET character_set_client = utf8mb4 */;
CREATE TABLE `team_gamer` (
  `team_gamer_id` bigint NOT NULL AUTO_INCREMENT,
  `color_code` varchar(255) COLLATE utf8mb4_unicode_ci DEFAULT NULL,
  `created_date` datetime(6) DEFAULT NULL,
  `gamer_id` int NOT NULL,
  `team_id` int NOT NULL,
  `updated_date` datetime(6) DEFAULT NULL,
  `color_id` int NOT NULL,
  PRIMARY KEY (`team_gamer_id`)
) ENGINE=InnoDB AUTO_INCREMENT=18 DEFAULT CHARSET=utf8mb4 COLLATE=utf8mb4_unicode_ci;
/*!40101 SET character_set_client = @saved_cs_client */;

--
-- Dumping data for table `team_gamer`
--

LOCK TABLES `team_gamer` WRITE;
/*!40000 ALTER TABLE `team_gamer` DISABLE KEYS */;
INSERT INTO `team_gamer` VALUES (1,NULL,'2024-05-19 00:46:40.813921',2,1,'2024-05-19 00:46:40.813962',11),(2,NULL,'2024-05-19 00:48:22.308948',2,1,'2024-05-19 00:48:22.308986',11),(3,NULL,'2024-05-19 00:48:45.034433',84,1,'2024-05-19 00:48:45.034479',11),(4,NULL,'2024-05-19 00:49:18.177967',2,1,'2024-05-19 00:49:18.177996',11),(5,NULL,'2024-05-19 00:49:48.804506',82,1,'2024-05-19 00:49:48.804546',11),(6,NULL,'2024-05-19 00:50:10.356358',83,1,'2024-05-19 00:50:10.356393',11),(7,NULL,'2024-05-19 00:59:52.575632',2,1,'2024-05-19 00:59:52.575661',11),(8,NULL,'2024-05-19 00:59:52.586859',84,1,'2024-05-19 00:59:52.586887',13),(9,NULL,'2024-05-19 00:59:52.596401',6,1,'2024-05-19 00:59:52.596431',12),(10,NULL,'2024-05-19 00:59:52.617054',99,2,'2024-05-19 00:59:52.617083',11),(11,NULL,'2024-05-19 00:59:52.627192',109,2,'2024-05-19 00:59:52.627221',11),(12,NULL,'2024-05-19 00:59:52.643478',5,3,'2024-05-19 00:59:52.643506',11),(13,NULL,'2024-05-19 00:59:52.659675',81,4,'2024-05-19 00:59:52.659702',11),(14,NULL,'2024-05-19 00:59:52.667763',82,4,'2024-05-19 00:59:52.667791',12),(15,NULL,'2024-05-19 00:59:52.676126',4,4,'2024-05-19 00:59:52.676162',13),(16,NULL,'2024-05-19 00:59:52.696547',110,5,'2024-05-19 00:59:52.696578',11),(17,NULL,'2024-05-19 00:59:52.716569',108,9,'2024-05-19 00:59:52.716597',11);
/*!40000 ALTER TABLE `team_gamer` ENABLE KEYS */;
UNLOCK TABLES;

--
-- Table structure for table `team_round`
--

DROP TABLE IF EXISTS `team_round`;
/*!40101 SET @saved_cs_client     = @@character_set_client */;
/*!50503 SET character_set_client = utf8mb4 */;
CREATE TABLE `team_round` (
  `team_round_id` bigint NOT NULL AUTO_INCREMENT,
  `team_id` int NOT NULL,
  `round_number` int NOT NULL,
  `round_score` int DEFAULT NULL COMMENT '1라운드 제출 시최대 5000, 2라운드 제출 시 3000',
  `submit_stage` int DEFAULT NULL COMMENT 'Guess한 스테이지',
  `submit_time` timestamp NULL DEFAULT NULL,
  `submit_lat` double DEFAULT NULL,
  `submit_lng` double DEFAULT NULL,
  `created_date` timestamp NULL DEFAULT NULL,
  `updated_date` timestamp NULL DEFAULT NULL,
  PRIMARY KEY (`team_round_id`)
) ENGINE=InnoDB DEFAULT CHARSET=utf8mb4 COLLATE=utf8mb4_unicode_ci;
/*!40101 SET character_set_client = @saved_cs_client */;

--
-- Dumping data for table `team_round`
--

LOCK TABLES `team_round` WRITE;
/*!40000 ALTER TABLE `team_round` DISABLE KEYS */;
/*!40000 ALTER TABLE `team_round` ENABLE KEYS */;
UNLOCK TABLES;

--
-- Table structure for table `theme`
--

DROP TABLE IF EXISTS `theme`;
/*!40101 SET @saved_cs_client     = @@character_set_client */;
/*!50503 SET character_set_client = utf8mb4 */;
CREATE TABLE `theme` (
  `theme_id` int NOT NULL AUTO_INCREMENT,
  `theme_name` varchar(20) COLLATE utf8mb4_unicode_ci NOT NULL COMMENT '테마명(global,  )',
  `created_date` timestamp NULL DEFAULT NULL,
  `updated_date` timestamp NULL DEFAULT NULL,
  PRIMARY KEY (`theme_id`)
) ENGINE=InnoDB AUTO_INCREMENT=6 DEFAULT CHARSET=utf8mb4 COLLATE=utf8mb4_unicode_ci;
/*!40101 SET character_set_client = @saved_cs_client */;

--
-- Dumping data for table `theme`
--

LOCK TABLES `theme` WRITE;
/*!40000 ALTER TABLE `theme` DISABLE KEYS */;
INSERT INTO `theme` VALUES (1,'랜덤','2024-04-30 15:00:00','2024-04-30 15:00:00'),(2,'한국','2024-05-01 15:00:00','2024-05-01 15:00:00'),(3,'그리스','2024-05-01 15:00:00','2024-05-01 15:00:00'),(4,'이집트','2024-05-01 15:00:00','2024-05-01 15:00:00'),(5,'랜드마크','2024-05-01 15:00:00','2024-05-01 15:00:00');
/*!40000 ALTER TABLE `theme` ENABLE KEYS */;
UNLOCK TABLES;
/*!40103 SET TIME_ZONE=@OLD_TIME_ZONE */;

/*!40101 SET SQL_MODE=@OLD_SQL_MODE */;
/*!40014 SET FOREIGN_KEY_CHECKS=@OLD_FOREIGN_KEY_CHECKS */;
/*!40014 SET UNIQUE_CHECKS=@OLD_UNIQUE_CHECKS */;
/*!40101 SET CHARACTER_SET_CLIENT=@OLD_CHARACTER_SET_CLIENT */;
/*!40101 SET CHARACTER_SET_RESULTS=@OLD_CHARACTER_SET_RESULTS */;
/*!40101 SET COLLATION_CONNECTION=@OLD_COLLATION_CONNECTION */;
/*!40111 SET SQL_NOTES=@OLD_SQL_NOTES */;

-- Dump completed on 2024-05-19 10:32:09
